Ticker,Price,Market Cap,Current PE Ratio (TTM),Current Price to Book Value,Current Price to Sales (TTM),Earnings Yield (TTM),Dividend Yield,Piotroski F-Score,EPS Rating,Relative Strength Rating,Current Book Value Per Share,PEG Ratio,Diambil
BSMT,0.00,0.00,0.00,0.00,0.00,0.00,0.00,2,0,60,0.00,0.00,2026-10-04 23:48
MKNT,1.00,5500000000.00,0.00,-0.40,0.00,0.00,0.00,3,0,60,-2.48,0.00,2026-10-04 23:48
SBAT,1.00,4752982978.00,-0.07,0.03,0.14,-1537.11,0.00,3,0,60,31.04,0.00,2026-10-04 23:48
TOPS,1.00,33330000000.00,-0.12,0.08,0.30,-855.00,0.00,4,0,60,12.47,0.00,2026-10-04 23:48
ARTI,2.00,15680000000.00,5.12,-0.08,0.43,19.52,0.00,7,0,60,-25.90,-2.77,2026-10-04 23:48
BEBS,5.00,225000000000.00,-5.98,0.28,2.50,-16.71,0.00,2,0,60,17.95,0.00,2026-10-04 23:48
DEAL,6.00,6877025754.00,-0.38,-0.12,0.12,-261.23,0.00,4,0,60,-49.69,-0.01,2026-10-04 23:48
TOYS,8.00,11480005696.00,-0.84,0.05,0.19,-118.67,0.00,3,0,60,172.58,0.00,2026-10-04 23:48
TELE,9.00,65798364501.00,-2.14,-0.01,0.07,-46.68,0.00,5,0,60,-648.23,-0.03,2026-10-04 23:48
BTEK,11.00,509052460136.00,-1.28,2.23,10.88,-78.36,0.00,3,0,16,4.93,-0.03,2026-10-04 23:48
MTFN,13.00,413947077076.00,0.00,-0.75,0.00,0.00,0.00,6,0,11,-17.44,0.00,2026-10-04 23:48
TAXI,14.00,143131060184.00,-9.28,3.76,18.91,-10.78,0.00,5,0,34,3.72,0.00,2026-10-04 23:48
WSBP,14.00,797428292444.00,-1.36,-0.36,0.48,-73.50,0.00,4,0,15,-39.39,-0.03,2026-10-04 23:48
IPPE,14.00,64400000000.00,34.97,0.22,2.36,2.86,0.00,6,0,60,62.43,3.85,2026-10-04 23:48
KREN,14.00,254918581400.00,-1.92,-15255.39,0.07,-52.17,0.00,3,0,39,-0.00,0.00,2026-10-04 23:48
HILL,16.00,235864000000.00,-0.15,-2.43,0.15,-658.76,0.00,4,0,2,-6.59,0.00,2026-10-04 23:48
SWAT,16.00,48307200000.00,-0.99,3.90,0.74,-100.98,0.00,4,0,60,4.10,-0.02,2026-10-04 23:48
KAYU,18.00,8584277022.00,10.64,0.11,1.27,9.40,0.00,3,0,60,170.12,-0.19,2026-10-04 23:48
GAMA,18.00,180198497808.00,-5.25,0.17,10.03,-19.06,0.00,4,0,60,104.71,0.00,2026-10-04 23:48
ALTO,18.00,39453670044.00,-0.93,0.13,0.35,-107.83,0.00,2,0,60,136.07,0.00,2026-10-04 23:48
BAPI,19.00,106247621957.00,-4.88,0.27,66.91,-20.49,0.00,3,0,26,71.09,0.00,2026-10-04 23:48
PPRO,19.00,1171837765777.00,-0.23,0.22,3.33,-433.57,0.00,6,0,47,87.08,0.00,2026-10-04 23:48
IKAI,20.00,266115987740.00,-7.34,0.40,1.83,-13.62,0.00,4,0,65,50.30,0.00,2026-10-04 23:48
KIAS,21.00,313511100000.00,-11.29,0.45,0.51,-8.85,0.00,4,0,60,46.41,-0.19,2026-10-04 23:48
ASMI,21.00,188125989660.00,-2.77,0.73,0.13,-36.11,0.00,4,0,66,28.91,-0.01,2026-10-04 23:48
ISAP,21.00,84427940352.00,0.00,0.49,0.00,0.00,0.00,3,0,15,42.72,0.00,2026-10-04 23:48
BHIT,21.00,1807431290805.00,4.79,0.11,0.13,20.87,0.00,7,0,7,191.30,0.03,2026-10-04 23:48
ANDI,22.00,205700000000.00,-5.65,1.96,1.32,-17.71,0.00,3,0,55,11.21,0.00,2026-10-04 23:48
ARKA,22.00,44000000000.00,12.38,0.37,0.30,8.08,0.00,5,0,16,59.13,-0.17,2026-10-04 23:48
IPTV,22.00,928354918502.00,-4.05,0.16,0.65,-24.68,0.00,6,0,3,137.51,-1.46,2026-10-04 23:48
MARI,23.00,120810812000.00,-4.92,-24.02,1.35,-20.32,0.00,4,0,22,-0.96,0.00,2026-10-04 23:48
MIRA,23.00,91113396897.00,-13.10,0.64,1.44,-7.63,0.00,5,0,37,35.81,0.00,2026-10-04 23:48
WMPP,23.00,676637000000.00,16.61,1.73,0.58,6.02,0.00,7,0,90,13.26,0.27,2026-10-04 23:48
WINR,24.00,125647584720.00,8.91,0.34,2.47,11.22,0.00,4,0,16,71.07,0.07,2026-10-04 23:48
DADA,24.00,178356739200.00,19.11,0.49,3.06,5.23,1.13,6,0,1,48.85,0.09,2026-10-04 23:48
NANO,24.00,102850566456.00,0.00,0.60,0.00,0.00,0.00,2,0,11,39.72,0.00,2026-10-04 23:48
TAMU,25.00,937500000000.00,-34.86,3.07,13.01,-2.87,0.00,5,0,51,8.16,-0.45,2026-10-04 23:48
HADE,25.00,53000000000.00,-167.04,12.65,12.02,-0.60,0.00,7,0,85,1.98,0.00,2026-10-04 23:48
PBRX,25.00,537050706150.00,-0.43,0.40,0.11,-232.51,0.00,4,0,14,62.43,0.00,2026-10-04 23:48
MAXI,26.00,249862599506.00,-13.35,1.93,1.74,-7.49,0.00,5,0,2,13.50,-0.10,2026-10-04 23:48
MDRN,26.00,198436362748.00,2.29,-0.97,6.80,43.73,0.00,5,0,10,-26.82,0.00,2026-10-04 23:48
BEKS,26.00,1348631394916.00,19.95,0.71,2.00,5.01,0.00,7,67,68,36.81,0.61,2026-10-04 23:48
TGRA,27.00,74250000000.00,-0.34,2.20,0.00,-297.45,0.00,3,0,60,12.25,0.00,2026-10-04 23:48
BABP,28.00,1244851925912.00,15.19,0.33,0.82,6.58,0.00,3,0,2,85.27,1.60,2026-10-04 23:48
WIDI,28.00,44800887124.00,0.00,1.02,0.00,0.00,0.00,1,0,27,27.49,0.00,2026-10-04 23:48
WMUU,28.00,362352942000.00,-7.43,0.48,0.39,-13.46,0.00,7,0,4,58.79,-0.24,2026-10-04 23:48
DIGI,29.00,47125000000.00,14.52,-7.80,1.02,6.89,0.00,7,0,33,-3.72,0.33,2026-10-04 23:48
BCAP,29.00,1235946676883.00,4.32,0.27,0.31,23.13,0.00,5,0,3,106.46,0.02,2026-10-04 23:48
BAUT,30.00,144005489070.00,-30.82,0.86,1.06,-3.24,0.00,6,0,36,34.96,-2.61,2026-10-04 23:48
ZINC,30.00,757500000000.00,-3.62,2.47,11.31,-27.66,0.00,5,0,47,12.13,0.00,2026-10-04 23:48
SAGE,30.00,241005817800.00,-269.46,0.85,21.47,-0.37,0.00,7,0,68,35.43,0.00,2026-10-04 23:48
BMBL,30.00,30902429850.00,0.00,0.46,0.00,0.00,0.00,3,0,13,64.97,0.00,2026-10-04 23:48
ABBA,30.00,118076785710.00,-4.78,7.83,0.73,-20.92,0.00,3,0,10,3.83,0.00,2026-10-04 23:48
GOTO,30.00,35734349916600.00,19315.86,1.10,1.72,0.01,0.00,8,0,3,27.20,251.15,2026-10-04 23:48
COAL,31.00,193750000000.00,-20.83,0.55,1.66,-4.80,0.00,6,0,17,56.76,0.00,2026-10-04 23:48
ELTY,31.00,1349179303589.00,-50.22,0.24,0.93,-1.99,0.00,6,0,70,127.28,-0.66,2026-10-04 23:48
POLY,32.00,74019627680.00,-0.63,-0.00,0.10,-159.81,0.00,4,0,56,-7890.58,-0.01,2026-10-04 23:48
ATLA,32.00,198386486176.00,106.84,1.19,3.28,0.94,1.75,7,0,3,26.84,-65.14,2026-10-04 23:48
NETV,33.00,1364897084826.00,-5.81,3.67,16.44,-17.20,0.00,3,0,1,8.99,0.00,2026-10-04 23:48
MANG,34.00,129628654456.00,-7.77,0.99,6.15,-12.86,0.00,3,0,9,34.28,0.00,2026-10-04 23:48
TARA,34.00,342367955500.00,-70.53,0.33,72.12,-1.42,0.00,5,0,76,103.25,0.00,2026-10-04 23:48
BLTA,35.00,881340005595.00,33.13,0.72,1.08,3.02,0.00,5,0,55,48.77,-1.27,2026-10-04 23:48
PURA,35.00,220567581570.00,18.67,0.42,0.49,5.36,0.00,5,0,73,82.61,8.49,2026-10-04 23:48
HDIT,35.00,53363800000.00,-3.47,0.23,2.88,-28.85,0.00,6,0,5,149.63,-0.17,2026-10-04 23:48
RELF,35.00,200474126825.00,0.00,0.81,0.00,0.00,0.63,3,0,30,43.03,0.00,2026-10-04 23:48
MPPA,36.00,1217839406688.00,-9.55,-32.58,0.16,-10.47,0.00,4,0,8,-1.11,0.00,2026-10-04 23:48
RAFI,36.00,112613057100.00,-2.09,0.46,0.31,-47.79,0.00,3,0,88,78.13,0.00,2026-10-04 23:48
RODA,37.00,502908743733.00,-7.24,0.27,3.16,-13.81,0.00,5,0,15,136.83,0.00,2026-10-04 23:48
CNKO,37.00,331385364622.00,1.73,-0.35,0.18,57.87,0.00,6,0,9,-105.04,0.01,2026-10-04 23:48
NASA,37.00,407182384914.00,-14207.23,0.37,70.26,-0.01,0.00,3,0,71,99.13,0.00,2026-10-04 23:48
SOUL,37.00,40053470251.00,0.00,1.16,0.00,0.00,0.00,2,0,10,31.85,0.00,2026-10-04 23:48
WEGE,37.00,354164000000.00,-0.49,0.19,0.32,-203.45,1.92,3,0,6,196.33,0.00,2026-10-04 23:48
MDLN,38.00,476256558236.00,-0.37,0.15,0.61,-267.18,0.00,4,0,8,250.54,0.00,2026-10-04 23:48
HRME,38.00,226432500000.00,-13.70,0.43,2.30,-7.30,0.00,3,0,23,88.67,-0.15,2026-10-04 23:48
REAL,38.00,252077185738.00,-713.17,0.67,27.29,-0.14,0.03,4,0,7,56.51,0.00,2026-10-04 23:48
HOKI,39.00,377432354520.00,-4.65,0.71,0.27,-21.51,2.56,4,0,5,55.11,0.00,2026-10-04 23:48
BBKP,39.00,7327614054930.00,-24.04,0.88,1.33,-4.16,0.00,5,0,5,44.12,-0.24,2026-10-04 23:48
BSBK,39.00,978583412625.00,13.03,0.44,2.60,7.68,0.00,7,0,6,87.70,-0.16,2026-10-04 23:48
CPRO,39.00,2323322928693.00,7.20,0.58,0.23,13.89,0.00,5,0,8,66.82,0.22,2026-10-04 23:48
KBAG,39.00,278850101517.00,-25.75,0.83,12.01,-3.88,0.00,6,0,37,47.21,-0.43,2026-10-04 23:48
PADI,40.00,542747833160.00,-35.15,3.85,11.51,-2.84,0.00,5,0,1,10.39,-0.31,2026-10-04 23:48
AKKU,40.00,257978545440.00,-9.83,0.66,32.74,-10.17,0.00,3,0,83,60.78,0.00,2026-10-04 23:48
PNBS,40.00,1552545652760.00,20.79,0.52,1.20,4.81,0.00,4,0,17,77.53,-0.24,2026-10-04 23:48
MYTX,41.00,317638559909.00,3.53,-0.59,0.30,28.31,0.00,4,0,71,-68.99,0.03,2026-10-04 23:48
ASHA,42.00,210000000000.00,-12.79,1.94,0.89,-7.82,0.00,7,0,8,21.67,-0.35,2026-10-04 23:48
VIVA,42.00,691499356800.00,-764.57,12.36,0.75,-0.13,0.00,6,0,84,3.40,0.00,2026-10-04 23:48
KPIG,43.00,4614452214127.00,7.15,0.16,1.67,13.98,0.00,6,0,1,275.15,0.80,2026-10-04 23:48
MSKY,44.00,438761505688.00,-26.16,0.62,1.46,-3.82,0.00,6,0,5,71.02,-1.16,2026-10-04 23:48
NPGF,44.00,142570376960.00,28.35,0.59,0.46,3.53,0.68,5,0,14,74.42,0.62,2026-10-04 23:48
RBMS,44.00,116873364344.00,14.07,0.24,0.45,7.11,0.00,7,0,41,184.70,0.13,2026-10-04 23:48
TRUE,45.00,340699853700.00,-9.07,1.61,3.69,-11.02,0.00,4,0,3,27.96,-0.23,2026-10-04 23:48
EPAC,45.00,148653000000.00,-38.17,2.12,0.84,-2.62,0.00,7,0,56,21.26,-0.47,2026-10-04 23:48
PAMG,46.00,143750000000.00,-71.79,0.34,3.06,-1.39,0.00,2,0,17,137.02,0.00,2026-10-04 23:48
JGLE,46.00,1038767832630.00,-24.15,0.97,6.65,-4.14,0.00,3,0,79,47.41,0.00,2026-10-04 23:48
IOTF,46.00,243353711082.00,290.54,1.55,3.52,0.34,0.00,9,0,9,29.64,1.74,2026-10-04 23:48
KRYA,47.00,78205343278.00,-3.81,2.98,1.48,-26.28,0.00,6,0,4,15.77,0.00,2026-10-04 23:48
LPKR,47.00,3332206863343.00,4.65,0.11,0.40,21.52,0.00,5,0,6,429.10,-0.05,2026-10-04 23:48
BRRC,48.00,47740945728.00,36.17,0.56,0.39,2.76,0.00,5,0,9,86.09,-3.29,2026-10-04 23:48
OLIV,48.00,91203519072.00,0.00,2.69,0.00,0.00,0.00,3,0,16,17.87,0.00,2026-10-04 23:48
AEGS,48.00,48291874608.00,0.00,0.70,0.00,0.00,0.00,3,0,74,68.96,0.00,2026-10-04 23:48
PTMP,49.00,155290800000.00,-3.06,0.87,0.77,-32.73,0.00,4,0,13,56.40,0.00,2026-10-04 23:48
BKSW,49.00,1722744369885.00,-58.63,0.37,2.63,-1.71,0.00,4,91,27,133.56,0.00,2026-10-04 23:48
BTEL,50.00,2232316073650.00,-43.88,-0.38,17.78,-2.28,0.00,5,0,60,-132.98,0.00,2026-10-04 23:48
PMMP,50.00,129415000000.00,-0.05,-0.10,0.20,-1828.53,0.00,4,0,60,-479.92,0.00,2026-10-04 23:48
KBRI,50.00,434399786700.00,-12.67,3.20,304.45,-7.89,0.00,4,0,60,15.65,-16.67,2026-10-04 23:48
TRAM,50.00,2482181411700.00,0.00,0.00,0.00,0.00,0.00,2,0,60,0.00,0.00,2026-10-04 23:48
CPRI,50.00,121668997900.00,-33.15,0.66,35.51,-3.02,0.00,3,0,60,75.33,0.00,2026-10-04 23:48
ADCP,50.00,1111111110000.00,-0.51,3.04,7.02,-194.36,0.00,4,0,42,16.44,0.00,2026-10-04 23:48
TRIL,50.00,60000000000.00,-18.16,0.57,2.34,-5.51,0.00,7,0,60,88.09,0.00,2026-10-04 23:48
COWL,50.00,243560701050.00,-5.39,0.27,0.78,-18.56,0.00,4,0,60,183.16,0.00,2026-10-04 23:48
ZBRA,50.00,125535313150.00,-0.40,0.11,0.13,-251.62,0.00,6,0,60,436.82,0.00,2026-10-04 23:48
GOLL,50.00,183250037950.00,-10.76,0.97,33.97,-9.30,0.00,3,0,60,51.65,0.00,2026-10-04 23:48
BOSS,50.00,70000000000.00,-0.38,-0.42,0.36,-260.17,0.00,2,0,60,-119.10,0.00,2026-10-04 23:48
LMAS,50.00,39392576250.00,-0.23,-0.35,1.01,-442.91,0.00,4,0,60,-144.66,0.00,2026-10-04 23:48
RIMO,50.00,2254030000000.00,31.23,0.40,3.86,3.20,0.00,6,0,60,123.61,0.36,2026-10-04 23:48
ZATA,50.00,424800000000.00,-4.71,1.56,2.14,-21.22,0.10,4,0,21,31.96,0.00,2026-10-04 23:48
SUGI,50.00,1240577070700.00,-4.68,0.54,65.54,-21.37,0.00,4,0,60,92.60,-0.06,2026-10-04 23:48
WOWS,50.00,123786000000.00,8.47,0.23,0.53,11.81,0.00,8,0,9,218.67,0.00,2026-10-04 23:48
SIMA,50.00,22129493550.00,-0.70,-11.04,6.27,-143.49,0.00,4,0,60,-4.53,0.00,2026-10-04 23:48
TAYS,50.00,54946000000.00,-0.91,1.24,0.48,-109.78,0.00,3,0,20,40.46,0.00,2026-10-04 23:48
CBMF,50.00,93750000000.00,-6.79,0.39,10.86,-14.73,0.00,4,0,60,126.91,0.00,2026-10-04 23:48
PLAS,50.00,59210000000.00,-157.85,0.36,9.04,-0.63,0.00,6,0,60,137.92,-1.35,2026-10-04 23:48
GIAA,50.00,20354585191850.00,-4.09,-6.98,0.35,-24.43,0.00,5,0,12,-7.17,0.00,2026-10-04 23:48
FINN,50.00,109425000000.00,-0.38,17.92,0.59,-260.11,0.00,4,0,60,2.79,0.00,2026-10-04 23:48
HKMU,50.00,161087500000.00,-0.57,-2.32,2.20,-175.31,0.00,2,0,60,-21.52,-0.05,2026-10-04 23:48
POSA,50.00,419443510300.00,-3.35,-0.75,7.97,-29.83,0.00,4,0,60,-66.69,0.00,2026-10-04 23:48
SMRU,50.00,624969307050.00,-20.76,-16.82,22.57,-4.82,0.00,4,0,60,-2.97,-0.27,2026-10-04 23:48
HOTL,50.00,177500072600.00,2.55,0.49,60.90,39.28,0.00,2,0,60,102.58,0.00,2026-10-04 23:48
HOME,50.00,1110609739100.00,-31.77,0.52,73.56,-3.15,0.00,2,0,60,95.36,-0.45,2026-10-04 23:48
INCF,50.00,71918523250.00,-284.61,0.48,0.56,-0.35,0.00,5,0,45,103.23,0.00,2026-10-04 23:48
MAGP,50.00,450000000200.00,-7.08,6.11,2.69,-14.12,0.00,7,0,60,8.18,-0.11,2026-10-04 23:48
NUSA,50.00,385000005500.00,-32.97,0.51,29.98,-3.03,0.00,2,0,60,97.68,0.00,2026-10-04 23:48
POOL,50.00,117068313200.00,-3.29,0.31,-1.82,-30.37,0.00,5,0,60,159.35,0.00,2026-10-04 23:48
IIKP,50.00,1680000000000.00,-125.64,10.90,348.10,-0.80,0.00,5,0,60,4.59,-3.64,2026-10-04 23:48
ENVY,50.00,90000000000.00,-9.36,-1.69,91.78,-10.68,0.00,5,0,60,-29.64,-0.18,2026-10-04 23:48
MABA,50.00,768261495600.00,-2.94,2.75,16.90,-34.05,0.00,3,0,60,18.20,0.00,2026-10-04 23:48
ARMY,50.00,450312500000.00,81.64,0.31,7.57,1.22,0.00,4,0,60,163.91,4.08,2026-10-04 23:48
TECH,50.00,62815000000.00,48.85,0.94,4.18,2.05,0.00,4,0,60,52.92,-1.07,2026-10-04 23:48
SKYB,51.00,29835000000.00,-114.99,0.62,24.12,-0.87,0.00,4,0,60,82.66,0.00,2026-10-04 23:48
GMFI,51.00,6366598180134.00,10.50,2.46,0.65,9.52,0.00,6,0,34,20.71,-0.15,2026-10-04 23:48
PURE,51.00,70134256755.00,0.00,-0.52,0.00,0.00,0.00,4,0,60,-97.24,0.00,2026-10-04 23:48
ACRO,51.00,176936622387.00,23.17,0.97,3.86,4.32,30.59,6,0,11,52.40,2.34,2026-10-04 23:48
KKES,52.00,78000000000.00,72.06,1.22,0.34,1.39,0.00,5,0,89,42.47,-0.44,2026-10-04 23:48
JSKY,52.00,105692080000.00,-0.85,-7.75,1.28,-117.00,0.00,2,0,60,-6.71,0.00,2026-10-04 23:48
STRK,52.00,557535449224.00,-38.01,4.98,25.76,-2.63,0.00,5,0,1,10.44,0.00,2026-10-04 23:48
LAND,53.00,148008860000.00,90.45,0.32,3.80,1.11,0.00,5,0,68,164.42,0.67,2026-10-04 23:48
BCIP,53.00,75785522825.00,4.13,0.15,0.67,24.22,0.00,6,0,12,354.89,0.35,2026-10-04 23:48
MENN,53.00,76004756318.00,0.00,1.94,0.00,0.00,0.00,5,0,55,27.33,0.00,2026-10-04 23:48
TOOL,53.00,108651076960.00,-10.64,0.61,2.05,-9.39,0.40,3,0,25,87.45,0.00,2026-10-04 23:48
LAJU,54.00,116096920596.00,10.97,0.84,0.56,9.12,0.28,6,0,11,64.34,0.06,2026-10-04 23:48
CHEM,54.00,91801770876.00,-40.19,0.81,0.43,-2.49,0.61,4,0,6,66.65,0.00,2026-10-04 23:48
BIKA,55.00,32575400000.00,-0.66,-0.19,0.13,-150.89,0.00,6,0,60,-289.16,-0.01,2026-10-04 23:48
WIRG,56.00,668562854064.00,8.68,0.77,0.28,11.52,0.00,6,0,13,73.14,-10.72,2026-10-04 23:48
BKSL,56.00,9391698551480.00,10.37,0.61,3.11,9.64,0.00,7,0,4,91.40,0.00,2026-10-04 23:48
ASLC,57.00,726542222460.00,22.71,0.96,0.63,4.40,1.75,6,0,18,59.18,-3.35,2026-10-04 23:48
AGRS,57.00,2728269937818.00,12.48,0.46,2.00,8.01,0.00,4,0,23,123.67,-1.44,2026-10-04 23:48
BEER,57.00,228000000000.00,243.59,0.97,6.09,0.41,0.00,5,0,2,58.63,-4.77,2026-10-04 23:48
PCAR,59.00,68833335300.00,-20.65,0.92,0.22,-4.84,0.00,4,0,90,64.36,0.00,2026-10-04 23:48
VTNY,59.00,369646413255.00,78.39,0.88,1.13,1.28,0.00,4,0,26,66.88,-1.46,2026-10-04 23:48
BATA,59.00,76700000000.00,-0.63,-0.43,0.26,-159.21,0.00,4,0,50,-136.16,-0.03,2026-10-04 23:48
ENZO,59.00,127590280198.00,8.38,0.73,0.28,11.94,0.00,7,0,83,81.03,-0.08,2026-10-04 23:48
LOPI,60.00,66000677340.00,0.00,1.08,0.00,0.00,0.00,1,0,13,55.52,0.00,2026-10-04 23:48
HALO,60.00,364723747020.00,22.17,1.48,1.73,4.51,0.00,6,0,22,40.52,0.10,2026-10-04 23:48
INDX,60.00,26274815280.00,-3.04,1.14,52.14,-32.85,0.00,5,0,4,52.67,0.00,2026-10-04 23:48
INTA,61.00,203983086342.00,-3.33,-0.11,0.22,-30.00,0.00,6,0,53,-574.79,-0.15,2026-10-04 23:48
LPPS,61.00,157883250000.00,-5.20,0.23,619.15,-19.22,0.00,4,0,7,270.92,-0.02,2026-10-04 23:48
NTBK,62.00,167404022374.00,-30.99,1.85,2.24,-3.23,0.08,5,0,46,33.54,-3.72,2026-10-04 23:48
IBFN,63.00,95591937987.00,-46.50,-0.12,0.41,-2.15,0.00,8,0,15,-506.06,-0.79,2026-10-04 23:48
RICY,63.00,40428203130.00,-0.14,0.18,0.09,-729.23,0.00,5,0,20,341.35,0.00,2026-10-04 23:48
SDMU,64.00,144044230400.00,-23.46,1.88,1.85,-4.26,0.00,5,0,19,34.13,0.00,2026-10-04 23:48
EMDE,64.00,214400000000.00,-2.99,0.12,1.01,-33.47,0.00,5,0,18,538.47,0.00,2026-10-04 23:48
RUNS,65.00,63931261875.00,0.00,1.22,0.00,0.00,0.00,2,0,17,53.37,0.00,2026-10-04 23:48
BIPP,65.00,326863509440.00,-6.10,0.42,1.72,-16.39,0.00,3,0,83,154.44,0.00,2026-10-04 23:48
MCOR,66.00,2502702213924.00,8.26,0.34,1.13,12.11,0.00,6,0,41,191.87,3.79,2026-10-04 23:48
DFAM,66.00,125390288100.00,-8.97,20.15,2.07,-11.15,0.00,6,0,12,3.28,-0.18,2026-10-04 23:48
WTON,68.00,592651728800.00,14.66,0.16,0.17,6.82,0.68,7,0,22,416.33,-0.38,2026-10-04 23:48
GOTOM,68.00,0,0,0,0,0,0,0,0,0,0,0,2026-10-04 23:48
DKHH,69.00,175971571056.00,35.63,0.83,1.29,2.81,0.00,7,0,51,82.81,0.52,2026-10-04 23:48
PLAN,69.00,61872962124.00,0.00,1.17,0.00,0.00,0.00,2,0,92,58.73,0.00,2026-10-04 23:48
CMPP,69.00,737273586429.00,-0.38,-0.06,0.09,-265.46,0.00,4,0,25,-1140.76,-0.02,2026-10-04 23:48
FIMP,69.00,27600067275.00,0.00,1.36,0.00,0.00,0.00,2,0,60,50.81,0.00,2026-10-04 23:48
PTDU,70.00,105000000000.00,-4.15,-9.02,1.43,-24.12,0.00,6,0,93,-7.76,0.00,2026-10-04 23:48
ETWA,70.00,326806998000.00,-4.22,-0.76,9319.65,-23.68,0.00,3,0,60,-92.30,0.00,2026-10-04 23:48
BPTR,71.00,250914000000.00,6.46,0.40,0.37,15.47,0.00,6,0,33,179.30,-0.55,2026-10-04 23:48
SLIS,71.00,174899127716.00,-8.59,0.55,0.86,-11.65,0.00,3,0,45,128.19,0.00,2026-10-04 23:48
BNBR,72.00,18960240354264.00,88.94,5.11,4.16,1.12,0.00,3,0,48,14.09,2.28,2026-10-04 23:48
SOLA,72.00,236691000000.00,7.46,1.25,0.74,13.41,0.83,5,0,6,57.79,0.01,2026-10-04 23:48
KLAS,72.00,262397950200.00,15.69,0.97,1.24,6.37,1.39,5,0,19,73.86,0.34,2026-10-04 23:48
LAPD,72.00,285577210008.00,-19.42,-8.38,3.05,-5.15,0.00,3,0,19,-8.59,-0.28,2026-10-04 23:48
VRNA,73.00,415176841781.00,31.93,0.56,0.94,3.13,0.00,3,0,37,131.28,0.14,2026-10-04 23:48
NAYZ,73.00,186150837456.00,0.00,2.96,0.00,0.00,0.00,2,0,70,24.67,0.00,2026-10-04 23:48
NINE,74.00,159618000000.00,0.00,6.22,0.00,0.00,0.00,2,0,5,11.89,0.00,2026-10-04 23:48
ALMI,74.00,282384000000.00,-14.42,3.43,32.40,-6.93,0.00,5,76,60,21.54,-0.17,2026-10-04 23:48
MLPL,74.00,1160491975038.00,-23.36,0.24,0.10,-4.28,0.00,7,0,8,310.52,0.00,2026-10-04 23:48
UNTD,74.00,493333335800.00,-5.49,0.98,1.10,-18.21,6.76,4,0,36,75.88,0.00,2026-10-04 23:48
MEDS,74.00,115625000000.00,-27.82,2.38,7.70,-3.59,0.00,6,0,76,31.12,-12.65,2026-10-04 23:48
SULI,75.00,474058262700.00,-7.63,2.10,1.89,-13.11,0.00,5,0,11,35.76,-0.11,2026-10-04 23:48
YOII,75.00,294523738575.00,22.78,1.33,0.43,4.39,0.00,6,0,19,56.32,-0.64,2026-10-04 23:48
TOSK,76.00,332521074800.00,95.29,2.12,0.19,1.05,0.59,5,0,82,35.78,-6.38,2026-10-04 23:48
YELO,76.00,145370854780.00,-6.60,0.55,3.12,-15.15,0.00,5,0,44,138.69,0.00,2026-10-04 23:48
TRON,76.00,224300962048.00,-7.57,1.26,6.69,-13.20,0.00,5,0,7,60.45,0.00,2026-10-04 23:48
BMTR,77.00,1276967814122.00,2.05,0.08,0.14,48.67,0.00,6,0,4,968.67,0.05,2026-10-04 23:48
IKAN,77.00,64166641000.00,110.42,0.85,0.55,0.91,0.00,7,0,25,90.53,3.83,2026-10-04 23:48
KIOS,77.00,82841447920.00,55.16,0.60,13.56,1.81,0.00,6,0,10,127.93,0.53,2026-10-04 23:48
ISEA,77.00,107031029490.00,11.75,0.56,0.15,8.51,0.00,7,0,52,136.46,0.01,2026-10-04 23:48
KOIN,78.00,76505811096.00,18.18,-0.85,0.02,5.50,0.00,9,0,51,-91.79,0.21,2026-10-04 23:48
KAQI,78.00,161912400000.00,12.70,1.26,2.10,7.88,0.00,7,0,66,61.71,-0.66,2026-10-04 23:48
FWCT,78.00,153114000000.00,-3.35,0.48,0.13,-29.86,10.26,4,0,15,163.17,0.00,2026-10-04 23:48
GEMA,78.00,124800000000.00,-57.19,0.29,0.08,-1.75,2.56,2,0,31,270.64,-3.62,2026-10-04 23:48
JKON,79.00,1288373068940.00,4.63,0.38,0.27,21.58,2.53,5,0,71,205.64,-0.11,2026-10-04 23:48
SURI,80.00,506750000000.00,540.37,1.46,3.22,0.19,0.00,8,0,70,54.65,41.22,2026-10-04 23:48
MTPS,81.00,168872917149.00,-48.92,4.49,0.00,-2.04,0.00,5,0,81,18.04,-1.02,2026-10-04 23:48
NAIK,81.00,269683185807.00,9.46,1.27,1.25,10.57,3.70,4,0,21,64.02,-14.55,2026-10-04 23:48
JAST,82.00,88771210516.00,-8.13,1.60,0.36,-12.30,0.00,4,0,37,51.32,-0.11,2026-10-04 23:48
DSFI,82.00,152285111000.00,6.80,0.51,0.22,14.70,0.00,8,0,56,160.35,0.12,2026-10-04 23:48
BIMA,82.00,49870408712.00,-1.66,2.06,0.50,-60.37,0.00,5,0,65,39.84,0.00,2026-10-04 23:48
POLA,83.00,278139274800.00,49.26,1.25,54.78,2.03,0.00,6,0,92,66.64,0.44,2026-10-04 23:48
IBOS,84.00,677526320436.00,0.00,1.97,0.00,0.00,0.00,2,0,77,42.67,0.00,2026-10-04 23:48
DYAN,85.00,363201963715.00,6.20,0.49,0.27,16.13,0.00,7,0,67,173.53,-0.10,2026-10-04 23:48
BVIC,86.00,1584070019208.00,22.69,0.37,0.66,4.41,0.00,6,0,32,235.02,-5.82,2026-10-04 23:48
KUAS,86.00,111181500900.00,12.22,0.65,0.60,8.19,3.49,4,0,74,132.24,-1.84,2026-10-04 23:48
SMGA,86.00,752500000000.00,9.36,1.59,0.29,10.69,0.00,7,0,68,54.04,0.07,2026-10-04 23:48
DEFI,89.00,61166733274.00,-5.71,2.53,10.60,-17.52,0.00,3,0,14,35.16,0.00,2026-10-04 23:48
CNMA,89.00,7417705000000.00,12.59,1.98,1.32,7.94,13.21,7,0,29,44.85,-3.80,2026-10-04 23:48
EAST,89.00,367250074904.00,11.08,0.80,3.86,9.02,12.81,7,0,46,111.17,-0.65,2026-10-04 23:48
GSMF,89.00,1375656517645.00,60.87,0.55,1.49,1.64,0.00,4,0,46,163.02,0.06,2026-10-04 23:48
OPMS,89.00,89000000000.00,-14.37,1.17,13.52,-6.96,0.00,4,0,15,75.93,-0.70,2026-10-04 23:48
PPRE,89.00,909960119000.00,-0.56,0.98,0.20,-179.14,0.00,4,0,22,90.72,0.00,2026-10-04 23:48
SMKM,90.00,112770000000.00,0.00,0.56,0.00,0.00,0.00,2,0,43,160.54,0.00,2026-10-04 23:48
IATA,90.00,2814824698290.00,53.87,1.19,2.29,1.86,0.00,5,0,78,75.47,-3.21,2026-10-04 23:48
BATR,90.00,272253361770.00,17.90,1.69,1.58,5.59,2.22,7,0,48,53.24,0.53,2026-10-04 23:48
ACST,90.00,1590764400000.00,-1.70,-2.50,0.78,-58.90,0.00,3,0,32,-35.95,-0.19,2026-10-04 23:48
BBSS,90.00,432001441800.00,-756.00,1.76,136.72,-0.13,0.00,5,0,3,51.14,-20.52,2026-10-04 23:48
RGAS,90.00,131331069900.00,7.94,1.24,0.74,12.59,1.22,7,0,20,72.58,0.02,2026-10-04 23:48
CENT,91.00,2837695305900.00,-1.19,1.16,1.14,-83.78,0.00,5,0,39,78.48,0.00,2026-10-04 23:48
SQMI,92.00,1429458411468.00,-226.69,14.64,1037.92,-0.44,0.00,4,0,95,6.29,-3.51,2026-10-04 23:48
BELL,92.00,667000000000.00,48.29,2.77,1.06,2.07,1.50,6,0,75,33.19,4.87,2026-10-04 23:48
LEAD,92.00,533564702176.00,3.26,0.55,0.84,30.66,0.00,8,0,23,168.32,0.01,2026-10-04 23:48
CTTH,92.00,113237263532.00,-5.31,0.74,1.16,-18.82,0.00,5,0,83,125.12,0.00,2026-10-04 23:48
AHAP,92.00,450800000000.00,-23.58,2.62,0.52,-4.24,0.00,2,0,48,35.17,0.00,2026-10-04 23:48
SPRE,92.00,73600000000.00,71.26,1.47,1.63,1.40,0.00,7,0,35,62.58,-2.55,2026-10-04 23:48
ESIP,94.00,104335661618.00,44.34,1.04,1.74,2.26,0.53,6,98,67,90.03,0.69,2026-10-04 23:48
HDFA,94.00,614989903602.00,-7.48,1.25,1.57,-13.37,0.00,3,0,37,75.29,0.00,2026-10-04 23:48
PMUI,97.00,562600000000.00,14.51,1.36,0.14,6.89,5.15,4,0,38,71.12,-0.27,2026-10-04 23:48
KOCI,97.00,433491213551.00,39.76,3.19,8.74,2.52,2.06,5,0,69,30.41,-5.70,2026-10-04 23:48
OKAS,98.00,232598018170.00,-3.29,0.78,0.09,-30.41,0.00,6,0,20,125.88,0.00,2026-10-04 23:48
GPRA,98.00,419112222928.00,6.23,0.31,0.97,16.05,1.02,6,0,31,313.58,-0.18,2026-10-04 23:48
MPOW,98.00,80065711194.00,-4.58,0.83,3.06,-21.85,0.00,5,0,49,117.70,0.00,2026-10-04 23:48
GRPH,99.00,99000000000.00,30.99,1.26,2.79,3.23,0.00,5,0,93,78.76,-12.50,2026-10-04 23:48
KBLV,101.00,175958958607.00,-39.84,0.12,158.24,-2.51,0.00,2,0,22,867.21,0.00,2026-10-04 23:48
BAPA,101.00,66840236520.00,-13.83,0.59,14.08,-7.23,0.00,4,0,39,170.31,0.00,2026-10-04 23:48
APLN,102.00,2315331331458.00,5.70,0.20,0.42,17.55,0.00,6,0,36,516.53,-0.07,2026-10-04 23:48
FIRE,103.00,151962407437.00,20.58,0.63,0.65,4.86,0.00,4,0,30,163.86,-0.21,2026-10-04 23:48
VAST,103.00,314740916047.00,17.74,0.78,7.69,5.64,0.00,7,0,17,132.43,-0.18,2026-10-04 23:48
BGTG,103.00,2469012701609.00,10.58,0.66,3.46,9.45,0.00,5,0,36,156.94,0.84,2026-10-04 23:48
BWPT,103.00,3247104973000.00,8.10,1.08,0.52,12.35,0.00,7,0,50,95.15,0.21,2026-10-04 23:48
MERI,104.00,107653780000.00,133.05,2.43,3.18,0.75,0.00,4,0,10,42.85,-1.34,2026-10-04 23:48
JATI,104.00,339302091024.00,17.42,1.86,0.37,5.74,1.84,2,0,50,55.89,0.06,2026-10-04 23:48
LMAX,105.00,68250921375.00,0.00,1.31,0.00,0.00,0.00,3,0,67,80.03,0.00,2026-10-04 23:48
RCCC,105.00,82687500000.00,17.51,1.57,0.87,5.71,0.00,8,0,28,66.74,0.81,2026-10-04 23:48
BUKA,105.00,10830614137035.00,5.83,0.45,1.46,17.14,0.00,7,0,20,235.56,0.02,2026-10-04 23:48
WEHA,105.00,153358255995.00,7.56,0.58,0.46,13.22,5.71,5,0,38,179.82,-0.35,2026-10-04 23:48
WGSH,106.00,221010000000.00,0.00,3.16,0.00,0.00,0.47,2,0,25,33.59,0.00,2026-10-04 23:48
HAJJ,106.00,261663922632.00,137.67,1.19,0.33,0.73,0.00,4,0,35,88.71,0.40,2026-10-04 23:48
DPUM,106.00,442550000000.00,-7.62,1.31,0.41,-13.12,0.00,5,0,68,80.61,-0.28,2026-10-04 23:48
GDST,106.00,979705000000.00,9.59,0.66,0.46,10.43,2.36,7,0,73,160.39,-0.32,2026-10-04 23:48
DILD,107.00,1109146397795.00,18.21,0.20,0.48,5.49,0.00,7,0,31,545.63,-0.29,2026-10-04 23:48
CARS,107.00,1605000000000.00,10.11,1.46,0.34,9.89,0.00,6,0,69,73.43,-0.34,2026-10-04 23:48
BBRM,108.00,915784955424.00,8.29,1.08,4.00,12.06,0.00,6,0,28,99.80,-0.40,2026-10-04 23:48
TYRE,108.00,375902826516.00,23.99,1.10,0.60,4.17,0.00,6,0,44,97.92,7.12,2026-10-04 23:48
BINO,108.00,245734139988.00,-29.21,0.60,2.94,-3.42,0.00,7,0,45,180.58,-0.53,2026-10-04 23:48
LABA,108.00,119167475724.00,42.46,1.72,5.64,2.36,0.00,5,0,24,62.94,0.14,2026-10-04 23:48
LCKM,109.00,109000000000.00,46.60,0.80,8.89,2.15,0.00,6,0,18,136.74,0.45,2026-10-04 23:48
BACA,109.00,2174879712465.00,15.25,0.32,1.34,6.56,0.00,8,0,20,341.32,1.01,2026-10-04 23:48
LUCK,109.00,78016710760.00,-7.94,0.66,0.60,-12.59,0.00,5,0,67,165.83,0.00,2026-10-04 23:48
SWID,110.00,592352112110.00,20.46,2.20,3.72,4.89,2.04,6,0,76,50.10,0.17,2026-10-04 23:48
SBMA,110.00,102291891020.00,14.34,0.42,0.76,6.97,0.91,4,0,38,259.23,-1.23,2026-10-04 23:48
AXIO,111.00,648254041500.00,8.61,1.21,0.38,11.62,8.11,6,0,41,91.46,0.40,2026-10-04 23:48
IPOL,111.00,715215125499.00,20.66,0.23,0.16,4.84,0.00,7,0,44,488.66,6.73,2026-10-04 23:48
SICO,111.00,101018631804.00,8.00,0.75,0.64,12.51,4.50,6,0,39,147.12,0.48,2026-10-04 23:48
POLL,112.00,931708243200.00,45.31,0.57,4.38,2.21,0.00,7,0,60,194.92,1.67,2026-10-04 23:48
AISA,113.00,1052233400000.00,11.99,0.89,0.51,8.34,0.00,5,0,49,127.56,0.42,2026-10-04 23:48
LCGP,114.00,641820000000.00,2008.04,0.40,392.22,0.05,0.00,7,0,60,283.24,32.69,2026-10-04 23:48
COCO,115.00,1637349725040.00,-8.25,19.91,9.42,-12.13,0.00,4,0,23,5.77,0.00,2026-10-04 23:48
ASRI,115.00,2259682367120.00,7.95,0.20,0.72,12.58,1.30,7,0,29,585.86,0.02,2026-10-04 23:48
TGUK,116.00,414288410540.00,-38.59,5.43,1.13,-2.59,0.00,6,0,28,21.38,-0.52,2026-10-04 23:48
HITS,116.00,823725836916.00,-7.08,0.87,0.37,-14.13,0.00,4,0,60,133.27,0.00,2026-10-04 23:48
MSIE,116.00,169360899464.00,2939.11,1.49,24.16,0.03,0.00,5,0,95,77.78,-13.13,2026-10-04 23:48
KLIN,117.00,152981048610.00,0.00,4.50,0.00,0.00,0.00,3,0,29,26.02,0.00,2026-10-04 23:48
PSDN,117.00,168480000000.00,5.96,3.59,5.20,16.77,0.00,7,0,69,32.56,-0.22,2026-10-04 23:48
CHEK,118.00,485373115230.00,39.57,2.40,2.36,2.53,0.00,3,0,24,49.25,0.85,2026-10-04 23:48
TMAS,118.00,6732077000000.00,10.28,2.08,1.36,9.72,6.78,5,95,38,56.78,-0.40,2026-10-04 23:48
MKTR,119.00,1435191001496.00,19.38,2.12,0.99,5.16,1.56,7,0,35,56.12,3.64,2026-10-04 23:48
TDPM,119.00,1247721009500.00,-1.48,5.70,1.68,-67.60,0.00,5,0,60,20.88,-0.04,2026-10-04 23:48
MNCN,119.00,1790924737490.00,1.59,0.08,0.25,62.86,0.00,5,0,2,1477.25,0.07,2026-10-04 23:48
MUTU,119.00,410815237315.00,16.24,1.52,1.25,6.16,1.94,5,0,72,78.26,31.23,2026-10-04 23:48
MHKI,119.00,446250000000.00,18.09,0.92,2.30,5.53,2.24,5,0,15,129.98,0.75,2026-10-04 23:48
HUMI,120.00,2167652589480.00,277.37,0.79,0.97,0.36,0.14,4,0,17,151.42,-3.83,2026-10-04 23:48
BEST,120.00,1157677338000.00,4.97,0.25,1.62,20.12,0.00,8,0,79,476.79,-0.10,2026-10-04 23:48
TRJA,120.00,181224000000.00,598.46,0.46,0.39,0.17,0.00,5,0,34,260.15,-6.78,2026-10-04 23:48
DNAR,120.00,2027086942200.00,9.09,0.14,1.57,11.00,0.00,7,0,40,875.29,0.04,2026-10-04 23:48
PART,121.00,344921880534.00,11.22,1.76,0.85,8.91,1.75,5,0,77,68.87,0.39,2026-10-04 23:48
BOAT,122.00,427204960000.00,12.22,1.00,1.46,8.19,0.00,7,0,34,121.87,0.15,2026-10-04 23:48
WICO,123.00,294426372804.00,-47.54,-1.28,1.06,-2.10,0.00,4,0,60,-95.80,-0.81,2026-10-04 23:48
PRIM,123.00,417392493315.00,-21.83,0.45,1.30,-4.58,0.00,5,0,89,276.15,0.00,2026-10-04 23:48
ICON,125.00,136218750000.00,26.93,0.88,0.54,3.71,0.00,8,0,91,141.61,0.12,2026-10-04 23:48
ZYRX,125.00,166666819500.00,8.00,0.54,0.14,12.49,3.92,6,0,31,232.68,0.04,2026-10-04 23:48
INAF,126.00,390507704874.00,-5.78,-0.53,2.39,-17.30,0.00,6,0,60,-238.79,-0.08,2026-10-04 23:48
BIPI,126.00,8027484811542.00,30.89,0.95,2.55,3.24,0.00,5,0,75,132.28,-0.37,2026-10-04 23:48
WINE,128.00,346880000000.00,9.73,1.02,1.20,10.28,2.73,6,0,12,126.06,-0.82,2026-10-04 23:48
DIVA,129.00,184285710600.00,-42.11,0.31,0.06,-2.37,0.00,4,0,45,419.99,-0.35,2026-10-04 23:48
GRPM,129.00,202744974501.00,41.70,2.62,0.22,2.40,0.78,6,0,69,49.28,2.23,2026-10-04 23:48
BCIC,129.00,2336179939161.00,-5.07,0.60,0.90,-19.74,0.00,3,0,41,216.50,0.00,2026-10-04 23:48
GTSI,130.00,2056488559710.00,-31.30,2.30,3.45,-3.19,0.77,3,0,26,56.40,0.00,2026-10-04 23:48
SRSN,132.00,794640000000.00,6.38,0.91,0.66,15.69,0.83,8,0,96,145.39,0.03,2026-10-04 23:48
ADHI,133.00,1118211994207.00,-0.21,0.39,0.12,-483.05,0.00,3,0,8,341.84,0.00,2026-10-04 23:48
MEJA,133.00,346874780714.00,0.00,3.82,0.00,0.00,0.00,1,0,88,34.79,0.00,2026-10-04 23:48
CANI,135.00,112514400000.00,-9.43,-0.20,2.94,-10.60,0.00,5,0,90,-687.05,-0.06,2026-10-04 23:48
AGRO,135.00,3339966729690.00,-6.43,1.15,2.76,-15.56,0.00,4,0,15,117.84,0.00,2026-10-04 23:48
MAHA,136.00,2266576000000.00,6.10,1.24,0.68,16.40,8.82,8,0,37,110.05,-0.33,2026-10-04 23:48
PIPA,137.00,469375315030.00,-26.46,7.31,20.18,-3.78,0.00,3,0,32,18.73,0.00,2026-10-04 23:48
PEGE,137.00,517570848896.00,-7.20,3.79,-31.93,-13.88,0.00,4,0,54,36.16,0.00,2026-10-04 23:48
PPRI,138.00,148353765744.00,54.27,1.50,1.00,1.84,0.76,4,0,9,91.86,-1.59,2026-10-04 23:48
UFOE,138.00,399960113634.00,18.32,1.58,0.32,5.46,0.00,6,0,26,87.47,3.98,2026-10-04 23:48
DGIK,138.00,764680770000.00,13.65,1.01,0.83,7.33,0.00,3,0,75,137.18,1.12,2026-10-04 23:48
UNIQ,138.00,433179654000.00,16.07,0.89,0.87,6.22,0.00,6,0,25,155.69,-0.36,2026-10-04 23:48
PMJS,139.00,1912028400000.00,9.74,0.68,0.15,10.27,2.52,6,0,85,203.43,1.27,2026-10-04 23:48
CRSN,139.00,401988000000.00,68.66,1.73,0.78,1.46,0.24,5,0,86,80.47,-0.91,2026-10-04 23:48
INOV,139.00,251342844100.00,3.48,0.69,0.34,28.77,0.00,7,0,84,202.14,-0.04,2026-10-04 23:48
INPC,139.00,2811054394073.00,-5.18,0.73,1.69,-19.31,0.00,4,0,48,191.45,0.00,2026-10-04 23:48
HGII,140.00,910000000000.00,52.22,1.20,14.18,1.91,0.31,6,0,54,116.31,-0.82,2026-10-04 23:48
VINS,140.00,217480306260.00,10.62,0.94,2.78,9.42,0.00,6,0,46,148.17,0.14,2026-10-04 23:48
PURI,140.00,140000000000.00,50.16,1.55,2.86,1.99,0.00,6,0,28,90.04,0.68,2026-10-04 23:48
ASPR,141.00,382392000000.00,48.76,2.16,1.27,2.05,0.45,6,0,76,65.36,2.85,2026-10-04 23:48
CNTX,142.00,28400000000.00,-0.26,-0.05,0.07,-381.95,0.00,3,0,60,-2996.67,0.00,2026-10-04 23:48
NZIA,144.00,316445861520.00,-23.33,0.69,6.91,-4.29,0.00,4,0,75,208.39,0.00,2026-10-04 23:48
MBTO,144.00,154080000000.00,103.25,0.44,0.33,0.97,0.00,8,0,81,329.51,-0.20,2026-10-04 23:48
KJEN,145.00,72500000000.00,2334.83,1.16,17.41,0.04,0.00,7,0,65,125.13,-32.10,2026-10-04 23:48
FLMC,145.00,113281250000.00,0.00,8.50,0.00,0.00,0.00,2,0,90,17.06,0.00,2026-10-04 23:48
GWSA,145.00,1131110200000.00,8.45,0.16,14.53,11.83,0.00,5,0,72,934.69,0.12,2026-10-04 23:48
LABS,146.00,576700000000.00,53.95,3.68,2.77,1.85,0.00,8,0,68,39.67,0.15,2026-10-04 23:48
KOKA,146.00,417754618000.00,-27.37,2.84,5.66,-3.65,0.00,6,0,33,51.39,0.00,2026-10-04 23:48
SMKL,146.00,499040452340.00,12.58,0.48,0.26,7.95,2.05,4,0,44,303.53,0.15,2026-10-04 23:48
CGAS,146.00,258638859694.00,11.15,0.96,0.36,8.97,2.74,7,0,39,151.41,0.22,2026-10-04 23:48
SRIL,146.00,2986017819224.00,-1.50,-0.19,0.68,-66.53,0.00,5,0,60,-755.92,-0.03,2026-10-04 23:48
SMBR,147.00,1460082547392.00,12.57,0.43,0.66,7.96,2.35,6,0,11,342.37,0.38,2026-10-04 23:48
IDEA,148.00,157240750000.00,0.00,2.47,0.00,0.00,0.88,3,0,96,60.01,0.00,2026-10-04 23:48
RAAM,149.00,1015229380000.00,-8.04,0.82,5.14,-12.44,0.00,2,0,7,180.76,-0.12,2026-10-04 23:48
PTPS,149.00,322959713544.00,17.41,1.73,4.92,5.74,7.38,6,0,47,86.23,-0.52,2026-10-04 23:48
ESTI,149.00,300266099280.00,28.83,1.67,0.65,3.47,1.34,7,0,87,88.97,0.38,2026-10-04 23:48
JAYA,149.00,118976409706.00,11.20,0.90,1.16,8.92,3.36,5,0,86,165.93,-0.41,2026-10-04 23:48
ECII,150.00,200149950000.00,-1.43,0.20,0.09,-69.96,0.00,4,0,51,734.82,0.00,2026-10-04 23:48
KIJA,151.00,3144558143719.00,-48.13,0.52,0.65,-2.08,1.34,3,0,47,290.67,-2.93,2026-10-04 23:48
PJHB,151.00,290085362969.00,0.00,0.88,0.00,0.00,0.00,3,0,24,170.85,0.00,2026-10-04 23:48
AWAN,151.00,518685000000.00,-57.35,7.10,8.88,-1.74,0.00,5,0,31,21.25,0.00,2026-10-04 23:48
DART,152.00,477491426224.00,-1.90,0.45,0.92,-52.64,0.00,5,0,69,338.19,-0.15,2026-10-04 23:48
INAI,152.00,96307200000.00,-1.08,1.49,0.11,-92.56,0.00,4,0,66,101.69,0.00,2026-10-04 23:48
VICO,153.00,2328212575674.00,15.68,0.63,2.21,6.38,5.23,3,0,45,243.30,0.02,2026-10-04 23:48
KOTA,154.00,1624112597954.00,22.62,1.30,9.41,4.42,0.00,8,0,99,118.72,0.07,2026-10-04 23:48
PICO,154.00,87529750000.00,30.37,0.41,0.15,3.29,0.00,4,0,40,374.12,0.38,2026-10-04 23:48
BOLA,154.00,924000000000.00,-21.26,1.59,2.49,-4.70,0.00,4,0,49,96.90,-0.06,2026-10-04 23:48
CAKK,155.00,186511533945.00,-6.10,1.39,0.40,-16.40,0.00,6,0,53,111.55,0.00,2026-10-04 23:48
GOLF,155.00,3020447800000.00,56.66,0.38,12.69,1.76,0.34,3,0,18,411.58,-2.43,2026-10-04 23:48
MDIA,155.00,6078408452000.00,-89.06,6.76,10.50,-1.12,0.00,7,0,98,22.92,-0.94,2026-10-04 23:48
GLOB,155.00,172222360000.00,-1.57,-0.14,4.17,-63.69,0.00,4,0,79,-1083.37,0.00,2026-10-04 23:48
LMPI,157.00,158337274033.00,-0.98,-4.17,0.46,-102.47,0.00,3,0,79,-37.69,0.00,2026-10-04 23:48
CITY,158.00,854019856628.00,36.47,0.95,5.44,2.74,0.00,5,0,48,166.18,0.31,2026-10-04 23:48
DOSS,158.00,272550000000.00,5.59,1.25,0.26,17.89,1.90,7,0,56,126.02,0.10,2026-10-04 23:48
OCAP,159.00,43438800000.00,-1.33,-0.15,0.00,-75.47,0.00,3,0,60,-1085.74,0.00,2026-10-04 23:48
GTBO,159.00,397500000000.00,-1.68,0.97,9.37,-59.56,0.00,3,0,18,164.33,0.00,2026-10-04 23:48
CAMP,160.00,941600000000.00,12.40,0.92,0.80,8.07,0.00,6,0,26,173.53,-0.54,2026-10-04 23:48
ESTA,160.00,388056668640.00,-50.23,2.20,7.37,-1.99,0.00,5,0,18,72.73,0.00,2026-10-04 23:48
SPMA,160.00,852865613600.00,9.47,0.34,0.30,10.56,0.00,5,41,39,473.96,-0.43,2026-10-04 23:48
PTPP,161.00,998183473994.00,-0.17,0.29,0.06,-595.79,0.00,4,0,5,547.94,0.00,2026-10-04 23:48
GRIA,161.00,1187491028514.00,173.36,2.98,20.82,0.58,0.00,8,0,90,54.04,5.20,2026-10-04 23:48
NIRO,161.00,3574018360444.00,-15.86,2.23,2.22,-6.30,0.00,7,0,52,72.31,0.00,2026-10-04 23:48
GZCO,161.00,966000000000.00,8.40,0.80,1.15,11.90,0.00,7,0,29,201.02,0.11,2026-10-04 23:48
IMJS,161.00,1746731262500.00,9.03,0.32,0.28,11.07,0.22,6,0,33,507.05,-0.16,2026-10-04 23:48
SCNP,162.00,405000000000.00,21.98,1.16,1.41,4.55,2.67,7,0,54,140.12,0.78,2026-10-04 23:48
ASJT,162.00,226800000000.00,-3485.41,0.75,0.93,-0.03,0.59,5,0,66,217.26,0.00,2026-10-04 23:48
TRGU,162.00,1287156857400.00,30.65,1.31,0.33,3.26,0.00,6,0,35,123.53,0.26,2026-10-04 23:48
PADA,163.00,513450000000.00,123.45,4.21,0.33,0.81,0.00,6,0,86,38.67,1.07,2026-10-04 23:48
FORU,163.00,27473099014686.00,-2998.21,1717.53,882.04,-0.03,0.00,4,0,95,0.09,-43.87,2026-10-04 23:48
LIVE,164.00,753252822296.00,-208.88,2.24,4.81,-0.48,0.00,6,0,21,73.09,0.00,2026-10-04 23:48
TMPO,164.00,173566653000.00,47.56,0.74,0.84,2.10,0.00,6,0,85,221.18,0.70,2026-10-04 23:48
ERTX,165.00,212279065680.00,6.32,0.40,0.12,15.81,0.00,7,0,54,413.95,0.14,2026-10-04 23:48
INDO,165.00,739322370270.00,15.91,0.65,24.69,6.29,0.00,6,0,24,252.74,0.48,2026-10-04 23:48
KOBX,170.00,386325000000.00,-2.62,0.80,0.22,-38.20,0.00,5,0,78,212.52,0.00,2026-10-04 23:48
BDKR,170.00,803267258740.00,30.57,1.03,2.02,3.27,1.56,9,0,74,164.61,0.47,2026-10-04 23:48
TRIS,170.00,534045451270.00,8.90,0.99,0.29,11.23,5.89,6,0,45,171.23,0.29,2026-10-04 23:48
APEX,172.00,609992265692.00,6.16,0.47,0.48,16.23,0.00,6,0,78,362.36,0.01,2026-10-04 23:48
DMMX,172.00,1323076924400.00,33.33,1.95,2.81,3.00,3.20,5,0,13,88.18,0.14,2026-10-04 23:48
PZZA,172.00,519762500000.00,29.55,0.50,0.17,3.38,0.97,9,0,24,343.21,0.22,2026-10-04 23:48
SCMA,172.00,10933128964160.00,11.08,1.73,1.54,9.03,12.21,8,0,7,99.34,0.37,2026-10-04 23:48
FOLK,173.00,707804855112.00,-64.69,5.20,39.80,-1.55,0.00,6,0,22,33.24,-3.69,2026-10-04 23:48
PRDL,173.00,301521700000.00,0.00,4.06,0.00,0.00,0.00,2,0,60,42.58,0.00,2026-10-04 23:48
TNCA,174.00,73365360000.00,-32.20,1.76,0.89,-3.11,0.00,5,0,47,98.93,0.00,2026-10-04 23:48
IKPM,175.00,294815937500.00,-17.60,1.33,0.74,-5.68,0.00,5,0,29,131.56,0.00,2026-10-04 23:48
VERN,175.00,833988432025.00,-2947.67,1.58,18.15,-0.03,0.00,4,0,86,110.98,0.00,2026-10-04 23:48
BUMI,175.00,64983693611900.00,32.30,2.18,2.39,3.10,0.00,7,0,39,80.25,1.31,2026-10-04 23:48
HAIS,175.00,459593750000.00,6.46,0.60,0.56,15.47,5.69,5,0,32,294.00,-0.23,2026-10-04 23:48
WOOD,176.00,1133000000000.00,20.35,0.25,0.43,4.92,0.00,3,0,4,705.20,-0.39,2026-10-04 23:48
DUCK,176.00,225866080000.00,5.49,0.25,0.67,18.22,0.00,6,0,60,708.34,0.21,2026-10-04 23:48
FOOD,176.00,114400000000.00,-7.62,-4.56,1.19,-13.12,0.00,5,0,21,-38.60,-0.78,2026-10-04 23:48
JAWA,176.00,2856999524192.00,-55.32,2.09,1.78,-1.81,0.00,4,0,85,84.12,-0.65,2026-10-04 23:48
TFAS,177.00,294999970500.00,-13.89,1.77,0.75,-7.20,0.00,5,0,14,100.02,0.00,2026-10-04 23:48
OBMD,178.00,143466741718.00,9.08,0.68,1.07,11.01,0.00,4,0,26,262.77,-0.74,2026-10-04 23:48
BKDP,179.00,1345004613108.00,-35.43,4.64,36.49,-2.82,0.00,4,0,99,38.60,-33.74,2026-10-04 23:48
RANS,180.00,2269665000000.00,0.00,6.76,0.00,0.00,0.00,2,0,60,26.61,0.00,2026-10-04 23:48
DMAS,180.00,8675659998000.00,5.56,1.24,3.47,17.98,9.17,6,0,88,145.38,-0.14,2026-10-04 23:48
AYLS,180.00,153616182480.00,-18.78,4.76,6.74,-5.32,0.00,4,0,75,37.81,0.00,2026-10-04 23:48
CSIS,180.00,329364826920.00,21.18,0.94,3.15,4.72,1.67,7,0,51,192.41,0.13,2026-10-04 23:48
MSIN,181.00,10982388255105.00,11.65,1.60,2.77,8.58,0.00,5,0,1,112.78,0.08,2026-10-04 23:48
ENAK,182.00,394333357600.00,-2.95,2.17,0.30,-33.96,0.00,3,0,1,83.95,0.00,2026-10-04 23:48
HYGN,184.00,464600000000.00,21.44,2.77,1.17,4.66,1.63,6,0,84,66.46,3.68,2026-10-04 23:48
NASI,186.00,150176400000.00,-28.85,2.73,4.25,-3.47,0.00,6,0,91,68.12,0.00,2026-10-04 23:48
BABY,187.00,533852570834.00,97.30,0.89,0.36,1.03,0.00,6,0,25,211.16,1.22,2026-10-04 23:48
NIKL,188.00,474389800000.00,15.58,0.47,0.19,6.42,1.06,3,0,19,401.70,0.00,2026-10-04 23:48
CINT,188.00,188000000000.00,4.84,0.62,0.33,20.68,7.33,7,0,70,304.24,0.05,2026-10-04 23:48
BNII,188.00,14328456814348.00,8.05,0.45,1.10,12.42,4.05,5,0,42,414.87,0.17,2026-10-04 23:48
IPAC,189.00,179525146500.00,114.22,5.11,2.98,0.88,0.00,8,0,79,37.01,0.41,2026-10-04 23:48
NELY,190.00,446500000000.00,-19.19,0.51,1.58,-5.21,5.26,5,0,7,372.54,0.00,2026-10-04 23:48
APII,190.00,204394400000.00,33.85,0.50,0.61,2.95,2.11,7,0,66,377.75,0.34,2026-10-04 23:48
TAMA,190.00,228000132240.00,-2.23,-3.68,19.55,-44.80,0.00,4,0,98,-51.65,0.00,2026-10-04 23:48
SDPC,191.00,243334000000.00,5.89,0.73,0.06,16.97,1.57,6,0,80,259.94,0.05,2026-10-04 23:48
BOBA,192.00,221904000000.00,11.50,1.31,1.20,8.69,4.17,7,0,44,146.31,2.61,2026-10-04 23:48
MPIX,192.00,300014267136.00,30.26,1.87,0.14,3.30,0.26,6,0,97,102.47,-0.50,2026-10-04 23:48
BLES,192.00,1706919628800.00,7.66,1.36,1.00,13.06,0.98,9,0,85,140.67,-0.16,2026-10-04 23:48
PSGO,193.00,3638050000000.00,9.10,1.31,1.47,10.99,3.11,9,0,44,147.80,0.35,2026-10-04 23:48
SKLT,194.00,1340036570000.00,11.93,1.74,0.47,8.38,4.12,5,0,47,111.45,2.37,2026-10-04 23:48
MDKI,194.00,490849100388.00,17.29,0.51,1.54,5.79,4.64,6,0,67,380.76,0.69,2026-10-04 23:48
PNLF,194.00,6212282218842.00,3.53,0.20,0.57,28.31,0.00,5,0,24,985.10,0.27,2026-10-04 23:48
PTIS,194.00,106732068200.00,-14.66,0.29,0.44,-6.82,0.00,5,0,5,662.47,0.00,2026-10-04 23:48
KOPI,194.00,135269733592.00,15.43,1.84,0.51,6.48,0.00,9,0,21,105.70,0.14,2026-10-04 23:48
RUIS,195.00,150150000000.00,11.24,0.27,0.07,8.90,3.08,7,0,45,733.43,3.47,2026-10-04 23:48
AMAN,195.00,755332500000.00,16.39,0.89,3.13,6.10,0.00,3,0,35,219.38,-7.52,2026-10-04 23:48
BBYB,196.00,2616694539816.00,4.49,0.59,0.87,22.29,0.00,6,0,7,331.04,0.00,2026-10-04 23:48
MGNA,196.00,668590836060.00,-150.61,24.39,14.55,-0.66,0.00,2,0,97,8.03,0.00,2026-10-04 23:48
MAYA,197.00,5155067972810.00,76.41,0.27,0.40,1.31,0.00,7,0,38,742.37,4.46,2026-10-04 23:48
ITIC,198.00,186262560000.00,8.63,0.39,0.57,11.59,0.00,7,0,11,511.20,-2.03,2026-10-04 23:48
PYFA,198.00,2224876789674.00,-6.45,3.25,0.74,-15.50,0.00,3,0,6,60.89,0.00,2026-10-04 23:48
BMHS,200.00,1720683235200.00,-1580.91,0.89,1.06,-0.06,0.52,4,0,77,225.75,-439.14,2026-10-04 23:48
WSKT,202.00,5818975017232.00,-1.57,-1.97,0.55,-63.68,0.00,4,0,60,-102.59,0.00,2026-10-04 23:48
WIKA,204.00,8134105027032.00,-0.85,-3.44,0.59,-117.14,0.00,4,0,60,-59.36,0.00,2026-10-04 23:48
MDLA,206.00,2886641950000.00,6.95,0.94,0.18,14.39,6.12,5,0,41,219.44,-0.47,2026-10-04 23:48
LPLI,206.00,241109157418.00,0.44,0.14,18.84,227.62,0.00,5,0,6,1475.04,0.00,2026-10-04 23:48
MINA,206.00,2027812500000.00,-2594.23,8.09,218.67,-0.04,0.00,7,0,22,25.45,-40.09,2026-10-04 23:48
AMMS,208.00,256941734816.00,0.00,3.64,0.00,0.00,0.00,3,0,6,57.10,0.00,2026-10-04 23:48
SDRA,208.00,3055975496912.00,-5.56,0.27,0.84,-18.00,3.85,5,0,25,758.64,0.00,2026-10-04 23:48
IFII,208.00,1957696000000.00,12.83,1.39,1.63,7.79,5.29,6,99,46,149.46,5.19,2026-10-04 23:48
DOID,208.00,1591409483456.00,-1.02,20.37,0.07,-98.09,0.00,6,0,21,10.21,0.00,2026-10-04 23:48
LRNA,212.00,74200004664.00,-2.79,0.30,1.45,-35.86,0.00,4,0,72,716.91,0.00,2026-10-04 23:48
KARW,212.00,124476372400.00,206.90,-0.22,1.32,0.48,0.00,7,0,10,-980.53,-1.00,2026-10-04 23:48
DWGL,212.00,1961598050092.00,8.42,3.28,0.55,11.88,0.00,9,0,13,64.61,0.09,2026-10-04 23:48
MLIA,212.00,1402380000000.00,-7.29,0.27,0.35,-13.71,3.30,3,0,12,792.00,0.00,2026-10-04 23:48
OMED,214.00,5790593900000.00,13.38,2.05,2.51,7.47,1.91,7,0,72,104.57,1.05,2026-10-04 23:48
KRAS,216.00,4178821730400.00,0.56,0.34,0.22,178.02,0.00,5,0,20,627.72,0.00,2026-10-04 23:48
CRAB,216.00,421200000000.00,22.95,1.74,0.66,4.36,0.93,5,0,42,124.39,-1.08,2026-10-04 23:48
OBAT,218.00,148322093350.00,12.19,1.08,0.86,8.20,3.46,5,0,9,201.71,-0.27,2026-10-04 23:48
GUNA,218.00,545000000000.00,8.68,0.90,0.29,11.52,3.42,3,0,70,243.49,2.21,2026-10-04 23:48
BUDI,220.00,989779419640.00,6.03,0.61,0.25,16.58,4.09,8,0,72,361.44,0.08,2026-10-04 23:48
BAIK,224.00,252559456128.00,70.44,1.85,1.13,1.42,0.00,7,0,77,121.23,-2.09,2026-10-04 23:48
GPSO,226.00,165751813278.00,-78.91,3.25,32.80,-1.27,0.00,5,0,3,69.55,-1.74,2026-10-04 23:48
AMAR,226.00,4154127415760.00,15.10,1.21,2.57,6.62,5.11,4,0,75,187.04,0.94,2026-10-04 23:48
JMAS,228.00,228000000000.00,41.97,1.78,2.95,2.38,0.00,6,0,82,128.24,3.54,2026-10-04 23:48
DEPO,228.00,1548120000000.00,18.98,1.11,0.54,5.27,0.66,6,0,35,204.77,-0.99,2026-10-04 23:48
ADMG,228.00,886732939452.00,20.84,0.42,0.31,4.80,0.00,8,0,84,544.68,0.31,2026-10-04 23:48
MCAS,230.00,199624659000.00,-4.35,1.34,0.05,-22.96,0.00,2,0,14,171.42,0.00,2026-10-04 23:48
SMRA,234.00,3863004995772.00,6.49,0.32,0.46,15.41,2.14,4,0,10,720.45,-0.15,2026-10-04 23:48
PSKT,234.00,2422188202824.00,-213.61,7.63,46.80,-0.47,0.00,5,0,85,30.68,0.00,2026-10-04 23:48
SNLK,236.00,106200000000.00,-72.79,0.66,2.18,-1.37,0.00,5,0,24,357.83,0.00,2026-10-04 23:48
IDPR,236.00,472708000000.00,14.67,0.68,0.31,6.82,2.12,5,0,16,347.48,1.20,2026-10-04 23:48
INDS,238.00,1561874309800.00,24.42,0.46,0.44,4.10,2.10,6,0,42,521.57,2.23,2026-10-04 23:48
BPFI,238.00,636410896156.00,6.21,0.52,1.15,16.10,3.34,2,0,27,461.43,-0.32,2026-10-04 23:48
KMTR,238.00,1955257198202.00,-61.17,0.92,0.16,-1.63,0.00,3,0,41,258.44,0.00,2026-10-04 23:48
META,238.00,4215148550172.00,45.80,1.06,15.18,2.18,1.10,4,0,60,224.61,-0.65,2026-10-04 23:48
BANK,240.00,3550361977920.00,32.56,1.07,4.04,3.07,0.00,5,0,3,223.63,0.11,2026-10-04 23:48
OASA,240.00,1523332800000.00,-23.19,2.91,100.90,-4.31,0.00,6,0,47,82.47,-0.73,2026-10-04 23:48
TOTO,240.00,2476800000000.00,9.17,0.98,1.14,10.90,9.58,4,0,44,244.41,0.79,2026-10-04 23:48
SATU,242.00,332750000000.00,-333.85,7.44,10.22,-0.30,0.00,7,0,40,32.52,-5.45,2026-10-04 23:48
FMII,244.00,1561600000000.00,-382.80,2.25,294.91,-0.26,0.00,2,0,33,108.31,-9.54,2026-10-04 23:48
MTRA,244.00,187880000000.00,-2.47,-2.59,25.49,-40.56,0.00,6,0,60,-94.10,-0.22,2026-10-04 23:48
CASH,244.00,592383740704.00,0.00,-11.56,0.00,0.00,0.00,3,0,93,-21.11,0.00,2026-10-04 23:48
DEWI,246.00,492000000000.00,63.92,2.97,5.25,1.56,0.00,8,0,95,82.83,1.57,2026-10-04 23:48
ELIT,250.00,507910764250.00,15.06,2.88,1.30,6.64,2.00,8,0,86,86.94,0.50,2026-10-04 23:48
MIDI,250.00,8358823700000.00,9.42,1.80,0.39,10.62,4.74,7,0,16,138.53,0.21,2026-10-04 23:48
HOMI,250.00,393750000000.00,-41632.73,2.97,16.67,-0.00,0.00,7,0,51,84.15,-1024.93,2026-10-04 23:48
CNTB,250.00,0.00,0.00,0.00,0.00,0.00,0,0,0,0,0.00,0,2026-10-04 23:48
FUTR,250.00,1658887989750.00,-32.72,9.78,93.68,-3.06,0.00,3,0,42,25.57,0.00,2026-10-04 23:48
HOPE,252.00,536850771156.00,-20.46,9.85,5.46,-4.89,0.00,6,0,92,25.58,-36.54,2026-10-04 23:48
LUCY,256.00,387782116608.00,0.00,18.40,0.00,0.00,0.00,3,0,30,13.91,0.00,2026-10-04 23:48
LMSH,256.00,24576000000.00,-38.15,0.26,0.23,-2.62,0.00,5,0,60,970.09,-1.07,2026-10-04 23:48
PWON,256.00,12328858214400.00,5.56,0.54,1.73,17.98,5.08,5,0,27,474.34,0.42,2026-10-04 23:48
AMIN,256.00,276480000000.00,8.70,1.35,0.87,11.49,3.91,7,0,72,189.29,0.23,2026-10-04 23:48
BELI,258.00,35402498307762.00,-20.37,3.87,1.28,-4.91,0.00,5,0,12,66.67,-1.55,2026-10-04 23:48
PUDP,258.00,170052960000.00,-28.68,0.34,3.96,-3.49,0.39,3,0,9,761.80,-0.20,2026-10-04 23:48
MPXL,260.00,520003813420.00,-518.99,5.60,3.62,-0.19,0.38,5,0,89,46.43,0.00,2026-10-04 23:48
TRIN,260.00,1183379025140.00,60.29,1.93,26.76,1.66,0.00,4,0,40,134.48,0.55,2026-10-04 23:48
VOKS,262.00,1088767879890.00,-17.98,1.94,0.53,-5.56,0.00,4,0,80,135.05,-0.78,2026-10-04 23:48
MTWI,262.00,766215499418.00,23.01,1.86,0.43,4.35,1.86,3,0,23,141.21,8.93,2026-10-04 23:48
GTRA,262.00,496326250000.00,5.26,1.13,0.62,19.00,0.69,6,0,77,232.68,0.07,2026-10-04 23:48
INET,262.00,5863104330124.00,116.08,1.60,6.02,0.86,0.02,4,0,77,163.41,0.09,2026-10-04 23:48
SOFA,262.00,433236518738.00,0.00,13.03,0.00,0.00,0.00,2,0,74,20.11,0.00,2026-10-04 23:48
GOLD,264.00,337200864000.00,17.38,0.76,5.63,5.75,0.00,5,0,49,348.12,1.34,2026-10-04 23:48
PGLI,266.00,129808000000.00,-83.59,9.90,6.38,-1.20,0.00,6,92,86,26.88,0.00,2026-10-04 23:48
UVCR,266.00,532038526908.00,42.03,4.79,0.45,2.38,0.19,9,0,97,55.49,0.80,2026-10-04 23:48
RMKO,270.00,425714560650.00,-10.34,3.25,0.86,-9.67,0.00,7,0,28,82.96,0.00,2026-10-04 23:48
KICI,270.00,74520000000.00,-25.02,0.68,0.78,-4.00,0.00,5,0,91,399.07,-1.32,2026-10-04 23:48
APLI,270.00,367921278000.00,25.23,1.25,1.17,3.96,16.31,6,0,40,215.41,-0.38,2026-10-04 23:48
WOMF,270.00,939999999600.00,6.08,0.46,0.42,16.44,4.55,3,0,43,585.13,-0.13,2026-10-04 23:48
LION,272.00,141483520000.00,-4.85,0.32,0.49,-20.60,1.84,5,0,6,857.82,0.00,2026-10-04 23:48
HELI,272.00,226538569264.00,8.69,2.49,1.44,11.51,0.00,9,0,87,109.40,0.03,2026-10-04 23:48
MINE,272.00,1110966401600.00,6.00,1.14,0.46,16.66,5.42,5,0,28,238.74,-0.14,2026-10-04 23:48
ASRM,272.00,347613833792.00,63.08,0.49,0.23,1.59,1.10,4,0,43,558.56,-1.10,2026-10-04 23:48
PALM,274.00,4310807601492.00,7.72,0.86,0.00,12.95,1.17,7,0,20,318.30,0.04,2026-10-04 23:48
MITI,280.00,1050147448840.00,93.65,2.24,5.08,1.07,0.00,7,0,80,125.04,1.04,2026-10-04 23:48
PEHA,280.00,235200000000.00,5.74,0.55,0.24,17.41,1.79,8,0,66,506.67,0.05,2026-10-04 23:48
IPCM,280.00,1479747108000.00,8.48,1.12,0.99,11.79,8.48,5,0,31,250.83,0.48,2026-10-04 23:48
CSAP,282.00,1602655392582.00,8.76,0.44,0.09,11.41,1.42,7,0,43,640.59,-0.22,2026-10-04 23:48
DGNS,284.00,390500000000.00,191.08,1.70,2.21,0.52,0.00,9,0,89,167.43,0.66,2026-10-04 23:48
KKGI,286.00,1430000000000.00,23.92,0.55,0.56,4.18,17.13,5,0,42,517.26,-0.26,2026-10-04 23:48
OILS,288.00,130768290144.00,5.28,1.11,0.10,18.94,0.00,6,0,86,259.73,0.28,2026-10-04 23:48
URBN,290.00,937315565890.00,-5.06,1.09,417.44,-19.75,0.00,4,0,92,266.73,0.00,2026-10-04 23:48
MMLP,292.00,2011627305536.00,19.26,0.43,5.43,5.19,3.98,5,0,15,686.85,-0.26,2026-10-04 23:48
BAJA,294.00,529200000000.00,366.10,12.40,0.47,0.27,0.00,8,0,94,23.71,10.24,2026-10-04 23:48
SAME,294.00,5046401968230.00,231.42,1.32,2.55,0.43,0.00,6,0,30,222.90,1.51,2026-10-04 23:48
FUJI,296.00,384800000000.00,52.00,2.09,28.24,1.92,0.00,5,0,27,141.79,-2.13,2026-10-04 23:48
ERAL,300.00,1556250000000.00,7.89,0.86,0.21,12.68,2.67,7,0,55,349.06,-0.49,2026-10-04 23:48
SMLE,302.00,703102220496.00,-106.68,6.98,3.41,-0.94,0.00,5,0,96,43.25,0.00,2026-10-04 23:48
GOOD,308.00,11364553648140.00,16.20,2.91,0.79,6.17,3.08,5,0,38,105.85,1.58,2026-10-04 23:48
AREA,308.00,782197108000.00,96.59,3.20,10.47,1.04,0.00,8,0,39,96.16,2.98,2026-10-04 23:48
DPNS,310.00,102650285120.00,172.47,0.30,7.96,0.58,1.61,4,0,55,1025.43,-1.80,2026-10-04 23:48
UNIT,316.00,23833415200.00,69.74,0.18,0.22,1.43,0.00,6,0,60,1790.50,1.59,2026-10-04 23:48
IRSX,316.00,1957634971132.00,56.65,6.20,3.35,1.77,0.05,7,0,34,50.98,0.01,2026-10-04 23:48
ARII,320.00,1200000000000.00,16.22,0.83,0.16,6.17,0.00,8,0,76,383.80,-2.26,2026-10-04 23:48
ACES,322.00,5512765483400.00,7.20,0.87,0.62,13.90,9.94,6,0,30,371.73,-0.29,2026-10-04 23:48
PDPP,322.00,985751943036.00,13.86,2.08,1.44,7.21,0.70,9,0,54,154.54,0.31,2026-10-04 23:48
NICE,324.00,1970574480000.00,39.97,6.19,1.15,2.50,0.00,5,0,68,52.31,-0.22,2026-10-04 23:48
GLVA,324.00,486000000000.00,13.97,1.18,0.26,7.16,3.09,6,0,52,273.49,-0.25,2026-10-04 23:48
BMSR,324.00,375580807776.00,3.27,0.44,0.11,30.57,0.00,8,0,71,742.45,0.01,2026-10-04 23:48
DGWG,324.00,1905882372000.00,7.15,1.69,0.39,13.98,4.63,5,0,43,191.49,1.75,2026-10-04 23:48
PEVE,324.00,572062500000.00,9.96,1.52,0.15,10.04,0.00,5,0,16,213.56,0.65,2026-10-04 23:48
RMKE,328.00,7175000000000.00,22.49,3.71,2.22,4.45,1.83,5,0,7,88.40,-1.40,2026-10-04 23:48
GREN,328.00,1539668667448.00,-149.58,3.30,13.81,-0.67,0.00,6,0,60,99.31,0.00,2026-10-04 23:48
HERO,328.00,1372231952000.00,9.28,0.80,0.26,10.77,0.00,8,0,22,411.48,0.00,2026-10-04 23:48
AVIA,330.00,20444673348000.00,10.72,2.13,2.32,9.33,6.97,8,0,32,155.16,2.13,2026-10-04 23:48
CSMI,332.00,270932418000.00,-315.04,82.97,145.00,-0.32,0.00,8,0,98,4.00,-4.32,2026-10-04 23:48
DEWA,338.00,13752352774472.00,3.07,1.70,2.12,32.53,0.44,6,0,29,198.98,0.00,2026-10-04 23:48
TIRA,338.00,198744000000.00,35.21,1.09,0.66,2.84,0.00,5,0,1,309.06,0.18,2026-10-04 23:48
AKSI,342.00,246240000000.00,-15.45,1.54,0.64,-6.47,0.00,3,0,81,221.65,-0.14,2026-10-04 23:48
BACH,344.00,1405043920000.00,0.00,2.29,0.00,0.00,0.00,3,0,60,150.08,0.00,2026-10-04 23:48
BULL,346.00,5361075061178.00,4.26,1.16,1.56,23.45,0.00,8,0,78,299.49,0.06,2026-10-04 23:48
SIDO,346.00,10380000000000.00,10.79,3.47,2.79,9.27,10.69,7,0,15,99.84,2.17,2026-10-04 23:48
CFIN,350.00,1394582159950.00,5.96,0.25,0.88,16.78,14.29,6,0,74,1428.11,-4.92,2026-10-04 23:48
WAPO,352.00,436804935072.00,-48.35,7.14,0.26,-2.07,0.00,4,0,98,49.29,0.00,2026-10-04 23:48
BLOG,354.00,1196338468800.00,7.93,1.91,0.83,12.62,5.93,5,0,33,185.59,-0.09,2026-10-04 23:48
KBLM,354.00,396480000000.00,14.76,0.27,0.18,6.78,1.98,5,0,76,1289.86,-0.22,2026-10-04 23:48
KBLI,356.00,1426575698092.00,6.64,0.49,0.35,15.07,5.62,5,0,73,724.26,-0.59,2026-10-04 23:48
TIFA,356.00,1264587828000.00,18.16,1.03,7.51,5.51,1.12,4,0,78,345.56,9.22,2026-10-04 23:48
UNSP,358.00,6087888477924.00,-22.99,-1.10,2.26,-4.35,0.00,5,0,90,-325.71,0.00,2026-10-04 23:48
NICL,358.00,3807560876706.00,35.21,4.58,4.27,2.84,7.54,5,0,1,78.16,4.23,2026-10-04 23:48
PSSI,360.00,1950142735080.00,-35.54,0.73,2.30,-2.81,1.39,4,0,77,492.61,0.00,2026-10-04 23:48
SAMF,360.00,3690000000000.00,13.46,2.00,0.84,7.43,2.92,3,0,82,180.04,-0.41,2026-10-04 23:48
IRRA,360.00,576000000000.00,8.78,0.95,0.55,11.39,0.00,5,0,35,377.80,0.38,2026-10-04 23:48
BTON,362.00,260640000000.00,5.29,0.78,1.85,18.89,0.00,8,0,52,462.23,-0.30,2026-10-04 23:48
AMOR,362.00,804444508800.00,9.52,2.74,2.18,10.51,8.70,6,0,54,132.16,0.57,2026-10-04 23:48
DOOH,366.00,2832434119176.00,35.08,9.15,12.57,2.85,0.00,8,0,97,40.00,0.04,2026-10-04 23:48
GGRP,370.00,4481209178090.00,-18.99,0.39,1.25,-5.27,7.57,3,0,88,940.71,0.00,2026-10-04 23:48
EKAD,370.00,1292733750000.00,21.64,1.05,2.25,4.62,2.43,8,0,96,352.88,-1.22,2026-10-04 23:48
PDES,370.00,264550000000.00,9.11,2.44,0.43,10.97,0.27,9,0,12,151.51,0.05,2026-10-04 23:48
CARE,372.00,12369000000000.00,2061.59,4.09,25.08,0.05,0.00,8,0,36,90.96,19.41,2026-10-04 23:48
PTMR,374.00,713218000000.00,-33.67,9.03,5.85,-2.97,0.00,6,0,60,41.41,0.00,2026-10-04 23:48
RALS,376.00,2668096000000.00,11.13,0.77,1.23,8.99,13.30,7,0,41,488.65,-0.72,2026-10-04 23:48
UDNG,376.00,658015067072.00,0.00,13.65,0.00,0.00,0.00,2,0,1,27.54,0.00,2026-10-04 23:48
PTSN,380.00,2019450720000.00,10.03,0.87,0.38,9.97,1.85,5,0,84,437.26,0.12,2026-10-04 23:48
EMTK,382.00,23464904466506.00,10.46,0.64,1.11,9.56,2.62,6,0,1,596.27,0.03,2026-10-04 23:48
STAR,386.00,1852800232372.00,70.87,3.39,224.28,1.41,0.00,6,0,95,113.92,0.16,2026-10-04 23:48
ASBI,386.00,134477178192.00,6.75,0.29,0.53,14.82,1.48,5,0,38,1334.81,0.36,2026-10-04 23:48
KING,388.00,1009906641960.00,0.00,14.48,0.00,0.00,0.00,2,0,91,26.80,0.00,2026-10-04 23:48
INTD,388.00,229629264000.00,-133.35,6.71,6.68,-0.75,0.00,5,0,94,57.83,0.00,2026-10-04 23:48
AMAG,388.00,1940602376208.00,8.75,0.89,0.87,11.43,7.73,6,0,53,434.31,-0.21,2026-10-04 23:48
MRAT,390.00,166920000000.00,43.50,0.29,0.33,2.30,0.00,8,0,54,1350.51,0.40,2026-10-04 23:48
SMDR,392.00,6419235200000.00,6.90,0.64,0.45,14.50,3.06,4,0,83,610.70,1.03,2026-10-04 23:48
HBAT,394.00,410051875200.00,0.00,4.99,0.00,0.00,0.00,2,0,82,79.03,0.00,2026-10-04 23:48
JELI,394.00,498804000000.00,0.00,4.73,0.00,0.00,0.00,2,0,60,83.24,0.00,2026-10-04 23:48
FAST,394.00,1782302533848.00,-6.27,4.36,0.34,-15.94,0.00,5,0,74,90.40,-0.11,2026-10-04 23:48
BEEF,396.00,3215618840808.00,41.33,8.70,0.60,2.42,0.00,3,0,87,45.54,3.72,2026-10-04 23:48
JIHD,396.00,922300030872.00,-4.25,0.26,0.57,-23.51,0.00,3,0,19,1511.79,0.00,2026-10-04 23:48
ISSP,396.00,2845652845860.00,5.07,0.49,0.46,19.73,5.05,4,0,45,802.48,6.42,2026-10-04 23:48
SAPX,398.00,331666653400.00,174.68,1.56,0.69,0.57,0.00,6,0,91,254.77,-7.11,2026-10-04 23:48
CCSI,400.00,533333332400.00,769.07,0.97,1.72,0.13,0.00,5,0,89,412.59,-11.68,2026-10-04 23:48
APIC,400.00,4706525395200.00,501.80,1.25,2.29,0.20,0.00,4,0,1,319.06,51.41,2026-10-04 23:48
PANR,402.00,557775000000.00,6.76,0.60,0.14,14.80,7.46,4,0,16,665.60,-0.09,2026-10-04 23:48
FITT,404.00,526925908604.00,-99.69,7.19,55.69,-1.00,0.00,6,0,47,56.20,-3.44,2026-10-04 23:48
SSTM,410.00,480072764210.00,-47.46,2.27,1.66,-2.11,0.00,8,0,30,180.66,0.00,2026-10-04 23:48
KAEF,412.00,2293434946512.00,-9.99,0.79,0.24,-10.01,0.00,7,0,28,520.25,-0.17,2026-10-04 23:48
SKRN,414.00,3105000000000.00,17.30,5.08,3.55,5.78,4.35,7,0,47,81.48,-1.85,2026-10-04 23:48
TOWR,416.00,24584811152096.00,6.33,0.86,1.74,15.79,5.69,7,0,32,482.84,-1.32,2026-10-04 23:48
CLEO,416.00,9984000000000.00,23.21,3.99,3.17,4.31,0.60,5,0,49,104.37,-0.39,2026-10-04 23:48
KSIX,418.00,893613692400.00,143.90,0.71,10.00,0.69,0.00,7,0,85,589.02,-1.95,2026-10-04 23:48
MOLI,420.00,1144095364020.00,9.63,0.89,0.76,10.38,1.75,9,0,93,469.91,0.02,2026-10-04 23:48
TRIO,426.00,11079192718770.00,-70.87,-2.74,33.88,-1.41,0.00,4,0,60,-155.52,0.00,2026-10-04 23:48
KDTN,426.00,532509924948.00,145.61,7.60,13.94,0.69,0.21,8,0,85,56.03,11.12,2026-10-04 23:48
PACK,428.00,14600083938628.00,0.00,2.81,0.00,0.00,0.00,3,0,97,152.27,0.00,2026-10-04 23:48
LPIN,428.00,181900000000.00,5.66,0.53,1.04,17.68,10.51,6,0,52,812.25,-1.67,2026-10-04 23:48
EMMI,440.00,766857080000.00,0.00,7.28,0.00,0.00,0.00,2,0,60,60.44,0.00,2026-10-04 23:48
ATIC,440.00,1273448744920.00,8.47,2.04,0.13,11.80,0.00,3,0,30,215.42,0.62,2026-10-04 23:48
PJAA,442.00,707199999116.00,4.43,0.39,0.63,22.56,5.89,6,0,27,1125.03,3.28,2026-10-04 23:48
TPMA,444.00,1557294495096.00,8.04,0.61,0.76,12.43,9.46,4,0,27,732.05,-0.31,2026-10-04 23:48
SMIL,446.00,3903244137174.00,51.53,4.90,8.68,1.94,0.83,5,0,88,91.01,-2.84,2026-10-04 23:48
MTEL,446.00,37267616140024.00,17.45,1.16,3.87,5.73,5.75,4,0,21,383.57,31.16,2026-10-04 23:48
PNSE,446.00,355824819216.00,-23.72,3.32,1.59,-4.22,0.11,4,0,11,134.32,0.00,2026-10-04 23:48
TRUS,452.00,361600000000.00,22.49,0.87,10.28,4.45,13.27,5,0,50,521.90,-0.73,2026-10-04 23:48
BPII,462.00,4566478796880.00,51.24,3.10,3.22,1.95,1.37,4,0,51,149.22,-15.72,2026-10-04 23:48
TOBA,462.00,3843614994450.00,-3.50,1.28,0.62,-28.60,4.02,7,0,21,359.66,0.00,2026-10-04 23:48
PPGL,468.00,360911313360.00,0.00,9.71,0.00,0.00,9.94,5,0,99,48.18,0.00,2026-10-04 23:48
KDSI,468.00,758160000000.00,11.91,0.95,0.35,8.39,4.27,5,0,70,492.42,-0.19,2026-10-04 23:48
SEMA,470.00,633211655740.00,73.55,3.63,3.35,1.36,0.00,7,0,99,129.61,0.77,2026-10-04 23:48
MBMA,470.00,50757847353000.00,38.57,1.74,1.63,2.59,0.00,7,0,18,270.50,1.10,2026-10-04 23:48
IGAR,470.00,436056882000.00,6.39,0.61,0.45,15.65,1.06,9,56,66,771.33,0.26,2026-10-04 23:48
MICE,472.00,283200000000.00,6.59,0.29,0.21,15.18,2.12,5,0,39,1655.17,1.87,2026-10-04 23:48
BMAS,474.00,8580661932096.00,651.31,1.32,6.10,0.15,0.00,5,0,25,359.11,5.77,2026-10-04 23:48
UCID,480.00,1995154704000.00,-1.94,0.42,0.24,-51.64,1.39,6,0,81,1143.79,0.00,2026-10-04 23:48
BUAH,484.00,968000000000.00,19.17,4.94,0.26,5.22,5.17,6,0,25,97.94,-0.67,2026-10-04 23:48
ASLI,486.00,3037500000000.00,-29.23,8.34,32.41,-3.42,0.00,3,0,97,58.26,0.00,2026-10-04 23:48
FPNI,486.00,2705277204000.00,9.70,1.36,0.47,10.31,0.00,7,0,89,356.66,0.06,2026-10-04 23:48
SKBM,488.00,844290369896.00,6.25,0.81,0.24,16.00,0.00,8,0,46,599.71,0.03,2026-10-04 23:48
SUPA,490.00,16609538648500.00,0.00,2.01,0.00,0.00,0.00,2,0,17,243.54,0.00,2026-10-04 23:48
TRST,494.00,1387152000000.00,12.30,0.49,0.33,8.13,1.01,8,0,69,1001.14,-0.06,2026-10-04 23:48
SMDM,494.00,2357436289078.00,129.48,1.01,5.90,0.77,0.00,4,0,13,489.67,-1.58,2026-10-04 23:48
CBPE,494.00,669987500000.00,10.50,1.87,6.17,9.52,0.20,9,0,92,263.76,-0.70,2026-10-04 23:48
MTDL,498.00,6113888523330.00,7.34,1.30,0.21,13.63,5.42,2,0,33,382.39,0.73,2026-10-04 23:48
MTSM,500.00,116424000000.00,93.20,4.04,3.54,1.07,0.00,6,0,60,123.90,0.97,2026-10-04 23:48
AYAM,505.00,2020000000000.00,1270.04,9.55,9.50,0.08,0.00,4,0,93,52.87,-12.83,2026-10-04 23:48
AKPI,505.00,309185240000.00,3.57,0.16,0.10,28.04,1.64,6,0,50,3162.10,0.19,2026-10-04 23:48
ASDM,505.00,193920000000.00,9.59,0.54,0.58,10.42,6.34,5,0,34,940.93,-0.26,2026-10-04 23:48
CYBR,505.00,6811640161295.00,110.84,21.92,13.68,0.90,0.00,4,0,17,23.04,0.01,2026-10-04 23:48
SOTS,505.00,505002009395.00,-48.22,2.97,23.50,-2.07,0.00,4,0,18,170.06,-7.78,2026-10-04 23:48
LPCK,510.00,2618689702920.00,11.10,0.38,0.69,9.01,0.00,6,0,34,1338.93,0.10,2026-10-04 23:48
BJTM,510.00,7657904021820.00,4.89,0.59,0.63,20.46,11.10,3,0,49,867.90,0.24,2026-10-04 23:48
NOBU,510.00,3814006388490.00,6.50,0.86,1.47,15.40,0.00,6,0,67,594.85,0.14,2026-10-04 23:48
KMDS,510.00,408000000000.00,7.53,1.63,0.89,13.28,8.24,6,0,27,313.70,4.16,2026-10-04 23:48
ARNA,515.00,3780836952640.00,9.07,2.13,1.25,11.03,8.74,5,0,67,242.29,-1.52,2026-10-04 23:48
PSAB,515.00,13626900000000.00,4.16,1.75,2.62,24.04,26.21,8,80,73,294.59,0.01,2026-10-04 23:48
RELI,520.00,936000000000.00,44.43,1.76,16.19,2.25,0.00,4,0,49,294.71,5.91,2026-10-04 23:48
PBID,520.00,3900000000000.00,6.32,1.32,0.68,15.83,10.19,7,0,73,393.78,-0.36,2026-10-04 23:48
NRCA,525.00,1310535630600.00,6.83,0.96,0.36,14.65,7.62,5,0,22,544.71,0.06,2026-10-04 23:48
HATM,530.00,4600400000000.00,118.40,2.81,4.77,0.84,0.38,6,0,91,188.70,-2.65,2026-10-04 23:48
BSDE,535.00,11326680709420.00,6.09,0.25,1.02,16.43,0.00,4,0,12,2116.98,-0.15,2026-10-04 23:48
CTRA,535.00,9916596961425.00,3.93,0.40,0.83,25.46,6.73,6,0,16,1321.69,0.16,2026-10-04 23:48
BSML,545.00,1008372625000.00,522.29,7.59,23.43,0.19,0.00,7,0,96,71.82,-7.48,2026-10-04 23:48
RANC,545.00,852645687500.00,-26.25,3.44,0.28,-3.81,0.00,6,0,19,158.56,0.00,2026-10-04 23:48
CDIA,555.00,69280302958500.00,58.36,3.73,25.19,1.71,1.50,3,0,4,148.84,-0.58,2026-10-04 23:48
ATAP,555.00,693750000000.00,401.99,8.95,31.99,0.25,0.00,7,0,98,62.03,3.80,2026-10-04 23:48
ROTI,560.00,3464433777280.00,18.17,2.17,0.92,5.50,14.29,5,0,19,257.87,-0.63,2026-10-04 23:48
RSCH,560.00,1484000000000.00,-95.73,12.32,12.42,-1.04,0.00,6,0,93,45.47,0.00,2026-10-04 23:48
ELPI,560.00,5333675200000.00,39.91,2.10,5.92,2.51,3.04,4,0,26,266.81,-2.58,2026-10-04 23:48
IKBI,560.00,685440000000.00,5.69,0.46,0.17,17.57,7.91,7,0,73,1215.70,0.11,2026-10-04 23:48
BRMS,570.00,80816902992660.00,120.10,3.59,21.40,0.83,0.00,5,0,20,158.90,1.06,2026-10-04 23:48
ASSA,570.00,2103948384690.00,5.09,0.93,0.34,19.65,8.77,7,0,13,612.52,0.07,2026-10-04 23:48
SIMP,575.00,8913253250000.00,4.08,0.43,0.42,24.53,4.52,7,0,53,1349.05,0.12,2026-10-04 23:48
KEJU,580.00,3262499999420.00,16.86,3.82,1.83,5.93,2.76,4,0,54,151.68,-0.25,2026-10-04 23:48
WINS,585.00,2645993547405.00,7.25,0.85,1.67,13.80,1.18,6,0,82,688.50,-0.77,2026-10-04 23:48
JTPE,585.00,4008449250000.00,11.45,3.25,1.44,8.74,5.30,8,0,81,179.74,0.24,2026-10-04 23:48
BUVA,590.00,14524062238780.00,554.23,6.74,37.88,0.18,0.00,7,0,12,87.53,0.63,2026-10-04 23:48
ESSA,590.00,10163915663000.00,10.85,1.33,1.75,9.22,8.81,9,0,46,442.95,-1.49,2026-10-04 23:48
INRU,590.00,819441136970.00,-0.64,5.84,0.62,-156.44,0.00,3,0,46,101.08,0.00,2026-10-04 23:48
TIRT,590.00,596947102500.00,17.04,-1.00,8.96,5.87,0.00,8,0,100,-592.56,0.18,2026-10-04 23:48
FILM,590.00,6423664387220.00,-31.34,2.06,13.37,-3.19,0.00,3,0,1,286.05,0.00,2026-10-04 23:48
TLDN,595.00,7703185469000.00,7.07,2.09,1.38,14.14,9.86,6,0,50,285.14,0.21,2026-10-04 23:48
ERAA,600.00,9570000000000.00,6.78,1.01,0.11,14.75,4.17,7,0,91,594.36,0.43,2026-10-04 23:48
WBSA,600.00,5205000000000.00,0.00,8.42,0.00,0.00,0.00,4,0,53,71.22,0.00,2026-10-04 23:48
SPTO,600.00,1620000000000.00,6.29,0.94,0.57,15.90,11.67,6,0,49,635.01,-1.10,2026-10-04 23:48
HEAL,600.00,9219570000000.00,23.17,1.67,1.25,4.32,2.25,6,0,2,358.89,-1.17,2026-10-04 23:48
LFLO,605.00,791179636885.00,0.00,8.76,0.00,0.00,0.76,3,0,83,69.06,0.00,2026-10-04 23:48
FISH,605.00,2904000000000.00,18.26,0.96,0.15,5.48,2.31,7,0,10,633.42,-0.20,2026-10-04 23:48
TBLA,605.00,3645350890060.00,4.13,0.38,0.15,24.23,9.92,4,0,36,1604.72,0.14,2026-10-04 23:48
RISE,610.00,9881145993900.00,55.64,3.53,20.40,1.80,0.00,6,0,1,172.72,0.42,2026-10-04 23:48
HMSP,615.00,71535617293500.00,8.25,2.75,0.63,12.13,9.15,7,0,29,223.84,-15.27,2026-10-04 23:48
SUNI,620.00,1550000000000.00,9.61,1.76,1.78,10.41,1.68,5,0,28,352.78,-1.48,2026-10-04 23:48
ZONE,620.00,539506316360.00,17.93,1.35,0.62,5.58,1.94,9,0,83,460.88,0.19,2026-10-04 23:48
DMND,625.00,5917724375000.00,12.25,0.89,0.48,8.17,1.20,6,0,52,703.48,0.66,2026-10-04 23:48
MAIN,630.00,1410412500000.00,3.03,0.49,0.10,33.01,8.25,6,0,27,1279.48,-0.16,2026-10-04 23:48
ELSA,630.00,4598055000000.00,5.63,0.85,0.30,17.76,7.03,7,0,80,743.17,8.53,2026-10-04 23:48
RIGS,640.00,389843200000.00,7.04,0.43,1.34,14.20,0.00,6,0,29,1494.23,-0.11,2026-10-04 23:48
RAJA,640.00,13526664000000.00,20.79,3.45,2.97,4.81,2.03,6,0,19,185.45,1.92,2026-10-04 23:48
LPGI,645.00,1935000000000.00,12.27,1.73,0.46,8.15,1.55,6,0,53,372.13,0.10,2026-10-04 23:48
SOCI,650.00,4588350000000.00,13.00,0.60,1.73,7.69,0.31,8,0,95,1079.60,-0.24,2026-10-04 23:48
BRNA,650.00,636421500000.00,-123.82,0.66,0.57,-0.81,0.00,7,0,65,977.53,-0.77,2026-10-04 23:48
MAPA,650.00,18527600000000.00,9.64,1.94,0.90,10.38,0.62,8,0,69,335.69,0.36,2026-10-04 23:48
CHIP,650.00,523900000000.00,0.00,7.19,0.00,0.00,0.22,5,0,4,90.36,0.00,2026-10-04 23:48
DKFT,650.00,3664860290000.00,5.47,2.38,2.25,18.27,10.00,7,0,42,272.81,0.10,2026-10-04 23:48
PNIN,660.00,2685093787200.00,2.49,0.12,0.23,40.12,0.00,5,0,30,5451.01,-0.09,2026-10-04 23:48
CSRA,665.00,1363250000000.00,5.28,0.85,0.57,18.95,1.83,6,0,20,779.73,0.21,2026-10-04 23:48
TALF,665.00,900034275000.00,14.34,0.69,0.63,6.97,1.20,9,0,80,967.35,0.08,2026-10-04 23:48
SAFE,670.00,550209033040.00,17.15,7.08,2.63,5.83,0.00,7,0,96,94.60,2.04,2026-10-04 23:48
BBLD,670.00,1102683356180.00,328.67,0.77,1.28,0.30,0.37,3,0,42,867.53,-4.13,2026-10-04 23:48
INPP,680.00,7603740777760.00,-15.67,1.33,4.40,-6.38,1.40,5,0,40,512.91,0.00,2026-10-04 23:48
BISI,680.00,2040000000000.00,8.34,0.58,1.01,11.99,3.82,5,0,33,1166.84,1.26,2026-10-04 23:48
SHID,685.00,766738425080.00,-86.18,1.08,6.21,-1.16,0.00,7,0,43,631.96,0.00,2026-10-04 23:48
MTLA,690.00,5282037167700.00,14.15,0.95,3.04,7.07,1.41,4,0,87,728.89,-1.18,2026-10-04 23:48
ALII,700.00,11078060000000.00,25.68,5.17,11.02,3.89,1.86,7,0,48,135.44,0.87,2026-10-04 23:48
AIMS,710.00,156200000000.00,194.78,548.45,75.87,0.51,0.00,7,0,94,1.29,1.52,2026-10-04 23:48
NSSS,715.00,17018121581175.00,25.47,7.48,8.04,3.93,0.70,9,0,73,95.56,0.23,2026-10-04 23:48
CBRE,715.00,3244718220315.00,-30.25,297.82,28.20,-3.31,0.00,3,0,34,2.40,0.00,2026-10-04 23:48
MGRO,720.00,2559200904000.00,-69.90,8.20,0.38,-1.43,0.00,4,0,54,87.78,0.00,2026-10-04 23:48
JECC,725.00,548100000000.00,6.26,0.60,0.14,15.98,5.52,5,0,23,1199.78,0.12,2026-10-04 23:48
KLBF,725.00,33939708866500.00,9.40,1.40,0.90,10.64,2.76,5,0,17,519.70,0.71,2026-10-04 23:48
COIN,730.00,10735294152000.00,-685.02,7.11,43.60,-0.15,0.00,3,0,5,102.65,0.00,2026-10-04 23:48
PBSA,740.00,2220000000000.00,8.87,2.93,1.22,11.27,8.11,4,98,14,252.51,0.18,2026-10-04 23:48
SGER,740.00,11534312984120.00,51.39,4.71,1.64,1.95,1.22,4,0,94,156.99,-0.76,2026-10-04 23:48
BJBR,750.00,7891082764500.00,5.47,0.49,0.47,18.28,11.41,6,0,48,1536.51,-0.35,2026-10-04 23:48
CMNT,750.00,12844128000000.00,-54.21,5.69,1.35,-1.84,0.00,7,0,41,131.79,-0.69,2026-10-04 23:48
PRAY,750.00,10469566725000.00,56.63,3.18,3.78,1.77,0.00,7,0,69,235.79,11.35,2026-10-04 23:48
ARTO,755.00,10465304829500.00,30.94,1.16,2.72,3.23,0.00,7,0,3,651.20,0.27,2026-10-04 23:48
TRIM,765.00,5438614500000.00,7.60,2.32,2.70,13.17,0.13,4,0,88,329.07,0.06,2026-10-04 23:48
NEST,765.00,3146062500000.00,128.59,8.28,7.89,0.78,0.00,5,0,96,92.43,-8.46,2026-10-04 23:48
BOLT,770.00,1804687500000.00,12.96,2.14,1.04,7.71,6.49,7,0,30,360.19,0.33,2026-10-04 23:48
GULA,770.00,824179125000.00,-160.98,5.75,2.95,-0.62,0.00,3,0,96,133.96,0.00,2026-10-04 23:48
SMCB,775.00,6990021029075.00,10.43,0.53,0.62,9.59,4.71,5,0,60,1460.09,-0.90,2026-10-04 23:48
SIPD,790.00,1452890624240.00,-151.15,1.23,0.25,-0.66,0.00,4,0,44,643.38,-0.19,2026-10-04 23:48
FORE,790.00,7045503823300.00,67.36,9.55,3.83,1.48,0.00,6,0,88,82.72,3.03,2026-10-04 23:48
BBHI,800.00,17384205153600.00,29.93,2.37,8.76,3.34,1.66,6,0,8,337.79,1.31,2026-10-04 23:48
PSAT,810.00,1200705930000.00,-33.71,0.92,1.24,-2.97,0.00,4,0,23,881.43,0.00,2026-10-04 23:48
BNBA,810.00,2744280000000.00,149.22,0.84,5.43,0.67,0.00,4,0,73,961.06,-1.76,2026-10-04 23:48
INCI,815.00,169240142855.00,3.75,0.34,0.38,26.69,2.45,8,0,84,2415.26,10.41,2026-10-04 23:48
HRUM,820.00,11084842000000.00,14.90,0.64,0.37,6.71,0.00,7,92,32,1273.99,-0.53,2026-10-04 23:48
BESS,830.00,2855578088240.00,255.61,4.47,9.97,0.39,0.53,6,0,13,185.87,1.57,2026-10-04 23:48
PNBN,830.00,19992746178340.00,7.32,0.37,1.29,13.67,5.06,5,0,28,2214.02,16.63,2026-10-04 23:48
VKTR,835.00,36531250000000.00,-2480.23,35.01,27.61,-0.04,0.00,5,0,93,23.85,0.00,2026-10-04 23:48
IMAS,840.00,3355204472760.00,33.46,0.24,0.10,2.99,0.48,2,0,31,3547.19,-0.77,2026-10-04 23:48
MSJA,840.00,4941176436000.00,56.07,3.44,4.29,1.78,1.79,5,0,97,244.36,7.77,2026-10-04 23:48
KEEN,840.00,3079702500000.00,31.96,0.96,5.69,3.13,0.98,5,0,41,878.73,1.09,2026-10-04 23:48
NCKL,845.00,53318317000000.00,5.00,1.22,1.63,20.00,5.05,6,0,26,695.30,0.12,2026-10-04 23:48
CUAN,845.00,94993970500000.00,37.01,15.29,3.79,2.70,0.03,5,0,24,55.27,-0.41,2026-10-04 23:48
PGJO,860.00,684438821700.00,0.00,248.69,0.00,0.00,0.00,2,0,79,3.46,0.00,2026-10-04 23:48
POLI,870.00,1749157968000.00,24.83,0.82,3.18,4.03,0.00,5,0,75,1065.02,0.25,2026-10-04 23:48
LTLS,900.00,1404000000000.00,7.22,0.42,0.14,13.84,3.44,9,0,76,2120.06,-0.22,2026-10-04 23:48
BFIN,910.00,13685839094200.00,8.30,1.25,2.14,12.05,7.69,7,0,85,727.75,1.13,2026-10-04 23:48
TFCO,915.00,4413114906000.00,-162.22,0.78,1.36,-0.62,0.00,2,0,92,1169.94,0.00,2026-10-04 23:48
CBUT,915.00,2859375000000.00,12.24,2.18,0.17,8.17,0.00,6,0,51,418.99,0.22,2026-10-04 23:48
MREI,920.00,476368346520.00,5.17,0.29,0.20,19.33,1.63,2,0,41,3159.73,-0.30,2026-10-04 23:48
MMIX,920.00,4416391349600.00,875.10,23.51,22.87,0.11,0.00,6,0,99,39.14,7.42,2026-10-04 23:48
BSIM,920.00,18138869410760.00,67.04,2.18,6.12,1.49,0.00,3,0,79,422.67,-38.09,2026-10-04 23:48
BTPS,930.00,7164441000000.00,5.91,0.70,1.39,16.93,9.22,5,0,24,1331.62,0.45,2026-10-04 23:48
KETR,935.00,2656580753530.00,36.48,2.16,4.26,2.74,0.00,6,0,93,431.94,0.58,2026-10-04 23:48
DRMA,935.00,4399999950500.00,6.33,1.61,0.70,15.80,7.49,8,0,49,579.98,0.50,2026-10-04 23:48
PGEO,940.00,39401085561800.00,15.77,1.10,5.05,6.34,5.26,8,0,35,856.67,-1.38,2026-10-04 23:48
MDIY,945.00,23804920440000.00,19.95,5.52,2.69,5.01,1.86,5,0,53,171.24,6.08,2026-10-04 23:48
MLPT,945.00,44296875000000.00,119.85,59.73,11.28,0.83,0.57,8,0,37,15.82,-13.65,2026-10-04 23:48
PORT,945.00,2659175175825.00,17.02,2.13,2.11,5.87,0.00,8,0,55,444.12,0.06,2026-10-04 23:48
MTMH,945.00,1954757967750.00,40.60,1.28,1.30,2.46,0.26,8,0,34,740.60,0.05,2026-10-04 23:48
POWR,950.00,15282798200000.00,13.05,1.21,1.63,7.66,7.76,6,0,87,784.99,-22.50,2026-10-04 23:48
BUKK,960.00,2534833920000.00,9.89,0.34,0.50,10.11,0.00,6,0,19,2789.21,-0.39,2026-10-04 23:48
ASPI,980.00,670134510500.00,-54.03,13.79,173.95,-1.85,0.00,3,0,97,71.07,0.00,2026-10-04 23:48
MYOH,990.00,2184249375000.00,9.11,0.70,0.77,10.98,6.61,6,0,16,1406.74,-3.70,2026-10-04 23:48
OMRE,990.00,2915758890000.00,-16.16,0.91,68.31,-6.19,0.00,5,0,94,1088.71,0.00,2026-10-04 23:48
NATO,995.00,7961105946480.00,-96.45,3.80,22.47,-1.04,0.00,5,0,99,261.59,0.00,2026-10-04 23:48
MPMX,1015.00,4452767725140.00,8.11,0.80,0.27,12.33,16.75,9,0,72,1268.94,-0.45,2026-10-04 23:48
VICI,1015.00,6808620000000.00,67.35,6.17,4.60,1.48,0.79,7,0,91,164.41,-3.02,2026-10-04 23:48
SOSS,1020.00,994016257860.00,-34.52,1.51,0.45,-2.90,0.20,2,0,84,673.72,0.00,2026-10-04 23:48
IPCC,1030.00,1872936364600.00,7.62,1.43,2.02,13.13,10.96,5,0,31,718.47,0.36,2026-10-04 23:48
RSGK,1040.00,966862000000.00,28.29,1.14,1.89,3.53,0.00,5,0,52,911.91,-2.17,2026-10-04 23:48
GMTD,1050.00,1066149000000.00,35.91,1.22,3.87,2.78,0.38,5,0,5,862.44,-0.47,2026-10-04 23:48
VISI,1050.00,3228750000000.00,-655.38,18.16,10.37,-0.15,0.10,6,0,99,57.82,0.00,2026-10-04 23:48
SSMS,1065.00,10144125000000.00,7.38,4.18,0.58,13.54,7.89,5,0,39,255.01,0.18,2026-10-04 23:48
BBTN,1065.00,14946683299845.00,3.56,0.40,0.44,28.08,5.03,4,0,37,2676.11,0.22,2026-10-04 23:48
INPS,1065.00,692250000000.00,-55.17,-15.79,2.05,-1.81,0.00,4,0,99,-67.45,-1.52,2026-10-04 23:48
PTPW,1095.00,961615312500.00,16.64,1.39,3.00,6.01,0.52,7,0,69,785.06,0.24,2026-10-04 23:48
DAYA,1100.00,2662601727500.00,27.03,13.94,0.86,3.70,0.00,8,0,73,78.93,0.44,2026-10-04 23:48
GDYR,1125.00,461250000000.00,14.23,0.42,0.19,7.03,0.00,5,0,72,2663.97,-0.24,2026-10-04 23:48
PTSP,1125.00,248409000000.00,8.94,1.30,0.34,11.18,0.00,8,0,84,863.74,-1.14,2026-10-04 23:48
MKAP,1135.00,3688750000000.00,87.15,10.85,9.56,1.15,0.44,5,0,96,104.59,1.24,2026-10-04 23:48
DSSA,1140.00,219607411200000.00,42.36,5.86,4.02,2.36,0.00,4,0,9,194.55,-1.89,2026-10-04 23:48
MARK,1155.00,4389000358050.00,13.04,4.92,4.27,7.67,7.79,6,0,89,234.67,-14.02,2026-10-04 23:48
JRPT,1160.00,14976434156000.00,10.81,1.37,4.32,9.25,2.67,7,0,78,848.44,0.47,2026-10-04 23:48
MAPB,1165.00,2781930178500.00,-14.48,2.18,0.82,-6.90,0.00,5,0,42,534.24,0.00,2026-10-04 23:48
ARGO,1185.00,3761591749365.00,144.04,23.58,34.33,0.69,0.00,7,0,82,50.26,0.15,2026-10-04 23:48
TBMS,1200.00,881616000000.00,12.26,0.64,0.05,8.16,2.39,3,0,49,1876.21,-0.23,2026-10-04 23:48
STAA,1215.00,13247597709000.00,7.76,1.94,1.09,12.88,6.17,5,0,71,627.67,0.31,2026-10-04 23:48
YPAS,1225.00,818300109025.00,33.18,5.62,2.11,3.01,0.00,8,0,95,218.05,0.15,2026-10-04 23:48
NISP,1230.00,28222715275560.00,5.41,0.64,1.49,18.50,3.66,5,0,42,1933.86,1.38,2026-10-04 23:48
ARCI,1240.00,31291400000000.00,12.59,4.25,2.97,7.94,1.67,7,0,75,292.08,0.01,2026-10-04 23:48
YUPI,1240.00,10595165988000.00,17.05,6.09,3.57,5.86,2.71,7,0,26,203.65,-3.13,2026-10-04 23:48
GJTL,1245.00,4338576000000.00,2.73,0.39,0.24,36.63,6.43,7,0,80,3158.83,0.58,2026-10-04 23:48
AMRT,1265.00,52528494650500.00,14.79,2.95,0.40,6.76,3.28,7,0,18,428.68,1.77,2026-10-04 23:48
ALDO,1270.00,3429906454880.00,38.07,3.09,1.48,2.63,0.04,8,0,95,410.51,0.08,2026-10-04 23:48
SOHO,1275.00,16181895047250.00,23.70,6.59,1.47,4.22,5.69,8,0,75,193.40,0.80,2026-10-04 23:48
MFMI,1300.00,984855300000.00,40.10,8.80,5.73,2.49,2.23,8,0,60,147.75,-3.43,2026-10-04 23:48
JECX,1305.00,4245455101500.00,0.00,7.44,0.00,0.00,0.00,2,0,60,175.39,0.00,2026-10-04 23:48
ITMA,1310.00,1308759648770.00,45.59,0.34,26.57,2.19,0.00,4,0,36,3891.00,11.54,2026-10-04 23:48
MSTI,1320.00,4144029384000.00,7.43,1.91,0.76,13.46,9.24,5,0,48,691.01,2.10,2026-10-04 23:48
BAYU,1320.00,466251429600.00,3.64,0.79,0.20,27.48,7.58,6,0,71,1680.81,1.13,2026-10-04 23:48
IFSH,1325.00,2815625000000.00,22.89,3.35,2.17,4.37,1.96,7,0,86,395.85,-1.66,2026-10-04 23:48
BALI,1330.00,5233008025000.00,29.26,2.15,4.22,3.42,2.26,7,0,55,617.89,1.11,2026-10-04 23:48
IMPC,1340.00,73575380000000.00,95.44,23.31,15.21,1.05,0.00,9,63,7,57.48,6.37,2026-10-04 23:48
JSPT,1340.00,3107106240000.00,6.87,1.17,1.16,14.56,1.87,8,0,11,1144.02,0.49,2026-10-04 23:48
TCPI,1365.00,6825000000000.00,48.94,3.18,3.35,2.04,0.48,5,0,1,429.80,1.32,2026-10-04 23:48
MYOR,1370.00,30631418623250.00,8.99,1.69,0.79,11.13,4.38,9,0,11,812.48,-2.00,2026-10-04 23:48
KINO,1370.00,1957142955000.00,8.85,1.07,0.40,11.29,3.28,7,0,78,1285.66,0.21,2026-10-04 23:48
MEDC,1375.00,34562317971500.00,5.94,0.83,0.77,16.84,4.41,8,0,71,1650.47,-0.08,2026-10-04 23:48
PGAS,1375.00,33332073769500.00,8.24,0.69,0.51,12.14,9.14,8,67,28,1984.18,-0.24,2026-10-04 23:48
EURO,1395.00,3555612867060.00,0.00,68.94,0.00,0.00,0.06,2,0,98,20.24,0.00,2026-10-04 23:48
TUGU,1410.00,5013361596000.00,5.45,0.55,0.36,18.35,7.09,6,0,83,2582.32,0.07,2026-10-04 23:48
BRIS,1415.00,65272903095270.00,8.18,1.28,2.32,12.23,2.32,6,0,10,1106.47,1.02,2026-10-04 23:48
BRPT,1420.00,133121049622480.00,56.27,3.06,0.78,1.78,0.11,6,0,12,464.66,0.07,2026-10-04 23:48
WIFI,1435.00,7617767836525.00,14.88,1.00,2.80,6.72,0.14,3,0,6,1437.57,-0.69,2026-10-04 23:48
ENRG,1440.00,38252943000000.00,22.48,2.22,4.19,4.45,0.00,7,0,83,647.19,1.19,2026-10-04 23:48
TBIG,1445.00,32739364198025.00,22.73,2.54,4.73,4.40,3.25,5,0,25,569.76,4.75,2026-10-04 23:48
LSIP,1455.00,9923047569075.00,4.81,0.69,1.69,20.80,5.70,8,0,77,2100.12,0.17,2026-10-04 23:48
CMNP,1460.00,9776677410860.00,11.12,0.64,1.50,8.99,0.00,6,0,65,2276.09,-0.98,2026-10-04 23:48
WIIM,1460.00,3065815689600.00,5.34,1.34,0.46,18.73,7.15,8,0,50,1092.20,0.13,2026-10-04 23:48
AKRA,1460.00,29307272916000.00,10.76,2.26,0.53,9.29,6.85,6,0,82,645.55,0.97,2026-10-04 23:48
ADMR,1465.00,59892615647500.00,11.66,2.05,3.20,8.57,3.46,3,0,68,714.90,-0.33,2026-10-04 23:48
RONY,1485.00,1856250000000.00,-675.72,815.72,44.55,-0.15,0.00,5,0,37,1.82,0.00,2026-10-04 23:48
MAPI,1485.00,24651000000000.00,9.92,1.61,0.52,10.08,0.67,8,0,80,921.23,0.38,2026-10-04 23:48
ANJT,1500.00,5031262500000.00,-6.56,1.18,1.16,-15.25,0.00,5,0,37,1267.62,0.00,2026-10-04 23:48
BIKE,1505.00,1947344188020.00,-30.30,37.89,6.59,-3.30,1.00,6,0,97,39.72,0.00,2026-10-04 23:48
SMGR,1505.00,10161067833945.00,26.80,0.23,0.27,3.73,1.88,8,0,14,6470.03,-0.36,2026-10-04 23:48
DATA,1525.00,2096875000000.00,16.58,5.06,4.42,6.03,0.00,5,0,4,301.37,2.96,2026-10-04 23:48
BIRD,1540.00,3853234000000.00,6.21,0.63,0.64,16.12,10.78,4,0,43,2443.39,0.72,2026-10-04 23:48
AGAR,1550.00,1550000000000.00,217.58,13.71,5.39,0.46,0.00,6,0,100,113.04,-5.62,2026-10-04 23:48
BOGA,1550.00,5895465625500.00,-4688.97,12.71,19.07,-0.02,0.00,6,0,92,121.96,-43.19,2026-10-04 23:48
TOTL,1555.00,5302550000000.00,10.41,4.32,1.24,9.61,7.07,6,0,92,359.78,0.19,2026-10-04 23:48
TURI,1560.00,8704800000000.00,9.69,2.02,0.60,10.32,0.00,4,0,60,772.48,0.14,2026-10-04 23:48
DSNG,1575.00,16694751780000.00,8.67,1.39,1.33,11.54,2.98,7,0,77,1130.59,0.14,2026-10-04 23:48
UNVR,1580.00,60277000000000.00,7.13,19.94,1.82,14.03,12.72,6,0,22,79.24,0.06,2026-10-04 23:48
DVLA,1585.00,1775200000000.00,13.03,1.18,0.75,7.67,6.62,6,0,55,1339.36,2.61,2026-10-04 23:48
LPPF,1585.00,3530237658800.00,4.57,11.75,0.60,21.89,15.77,7,0,51,134.91,-0.37,2026-10-04 23:48
CLPI,1590.00,487078215000.00,6.55,0.84,0.46,15.26,10.72,7,0,76,1899.92,0.30,2026-10-04 23:48
GHON,1615.00,888250000000.00,12.74,1.27,4.28,7.85,11.02,4,0,52,1270.81,-1.61,2026-10-04 23:48
LINK,1620.00,4638376684080.00,-2.88,1.70,1.61,-34.69,0.00,3,0,14,951.27,0.00,2026-10-04 23:48
MBAP,1640.00,2012726001280.00,30.43,0.60,0.69,3.29,2.32,6,92,70,2718.13,-0.33,2026-10-04 23:48
PANS,1645.00,1184400000000.00,6.89,0.83,2.50,14.52,15.20,5,0,76,1988.39,0.10,2026-10-04 23:48
SSIA,1660.00,7810714070400.00,38.00,1.35,1.38,2.63,0.30,5,0,71,1229.14,-0.28,2026-10-04 23:48
MIKA,1670.00,23225494105000.00,16.48,3.18,4.17,6.07,2.57,8,0,22,525.37,0.88,2026-10-04 23:48
SMSM,1675.00,9645781362000.00,8.42,2.41,1.78,11.87,8.66,4,0,50,696.11,0.86,2026-10-04 23:48
BNGA,1695.00,42616038903885.00,6.21,0.76,1.78,16.09,9.54,5,0,67,2231.75,8.40,2026-10-04 23:48
TPIA,1700.00,147069626656400.00,77.61,2.07,0.92,1.29,0.58,6,0,2,819.43,0.04,2026-10-04 23:48
SRTG,1710.00,23195867850000.00,6.94,0.43,20.66,14.41,6.04,5,0,71,3956.41,0.06,2026-10-04 23:48
NFCX,1740.00,1160001450000.00,-96.31,4.42,0.37,-1.04,0.00,2,0,55,393.62,-0.89,2026-10-04 23:48
DLTA,1770.00,1417166518500.00,9.60,2.10,1.98,10.42,10.23,7,0,37,841.15,0.96,2026-10-04 23:48
BHAT,1770.00,8850000000000.00,-25320.69,14.26,54.64,-0.00,0.00,2,0,88,124.17,0.00,2026-10-04 23:48
CASS,1820.00,3798249000000.00,7.89,2.16,1.14,12.68,0.00,6,81,31,844.53,0.36,2026-10-04 23:48
CASA,1865.00,101598243182595.00,688.00,12.41,22.56,0.15,0.00,3,0,86,150.32,38.80,2026-10-04 23:48
BNLI,1890.00,68382769492800.00,18.68,1.51,3.84,5.35,1.85,4,0,4,1247.88,31.66,2026-10-04 23:48
ARTA,1920.00,857614416000.00,-217.76,5.94,12.35,-0.46,1.46,5,0,8,323.10,0.00,2026-10-04 23:48
TAPG,1935.00,38414664900000.00,9.49,3.36,3.27,10.54,10.39,6,0,83,576.33,0.51,2026-10-04 23:48
MEGA,1945.00,45672191889850.00,13.93,2.04,4.72,7.18,4.42,7,11,71,952.49,0.50,2026-10-04 23:48
DAAZ,1985.00,3964045000000.00,21.50,2.36,0.28,4.65,1.96,2,0,40,840.67,-0.51,2026-10-04 23:48
SFAN,1985.00,2699469031685.00,-217.90,28.26,769.60,-0.46,0.00,4,0,67,70.24,-2.92,2026-10-04 23:48
JPFA,1995.00,23394517525995.00,4.46,1.18,0.34,22.41,7.02,7,0,33,1690.41,0.14,2026-10-04 23:48
SILO,2000.00,26012250000000.00,21.04,2.53,1.93,4.75,0.00,7,0,29,790.49,0.90,2026-10-04 23:48
KONI,2000.00,624000000000.00,29.48,3.42,1.94,3.39,0.00,7,0,68,584.48,-4.65,2026-10-04 23:48
BBMD,2060.00,8425585400000.00,28.00,1.57,6.83,3.57,1.08,5,0,69,1309.33,-1.35,2026-10-04 23:48
ULTJ,2060.00,21420240912000.00,11.91,2.70,2.10,8.40,6.31,7,0,90,762.30,0.62,2026-10-04 23:48
CEKA,2190.00,1303050000000.00,5.96,0.63,0.13,16.78,6.85,5,0,42,3480.04,-0.15,2026-10-04 23:48
HRTA,2190.00,10085524656000.00,7.58,2.70,0.16,13.19,1.83,6,0,88,811.19,0.06,2026-10-04 23:48
ISAT,2250.00,72564324653250.00,9.70,1.96,1.21,10.31,4.93,6,0,80,1148.80,0.79,2026-10-04 23:48
TLKM,2250.00,222889987350000.00,12.41,1.88,1.49,8.06,9.92,5,0,17,1194.53,-0.61,2026-10-04 23:48
EXCL,2380.00,43315672633380.00,-10.32,1.50,0.91,-9.69,10.28,5,0,30,1586.60,0.00,2026-10-04 23:48
BTPN,2430.00,25869648167640.00,28.46,0.53,1.11,3.51,0.39,5,0,81,4577.17,-0.35,2026-10-04 23:48
ADRO,2500.00,72001235500000.00,7.34,0.87,2.12,13.62,10.54,4,96,85,2864.41,-0.11,2026-10-04 23:48
PLIN,2510.00,8910500000000.00,13.91,0.78,6.22,7.19,6.18,4,0,60,3202.19,-0.39,2026-10-04 23:48
TCID,2520.00,1013376001680.00,-77.97,0.56,0.49,-1.28,1.51,7,0,31,4499.19,-0.69,2026-10-04 23:48
ASGR,2520.00,3398926860000.00,11.22,1.75,1.13,8.91,20.16,7,97,94,1442.77,0.35,2026-10-04 23:48
INDY,2540.00,13233887680000.00,56.22,0.62,0.35,1.78,0.40,7,0,77,4123.29,-1.48,2026-10-04 23:48
JSMR,2540.00,18434992848000.00,4.99,0.50,0.63,20.06,6.15,6,0,24,5116.49,-0.26,2026-10-04 23:48
TRUK,2580.00,1122300000000.00,-165.91,30.46,26.70,-0.60,0.00,4,0,100,84.71,0.00,2026-10-04 23:48
ABMM,2610.00,7185760650000.00,5.19,0.45,0.41,19.28,3.72,7,0,53,5775.83,-0.11,2026-10-04 23:48
SHIP,2630.00,7153047700000.00,26.93,2.62,2.11,3.71,1.33,5,0,29,1002.19,3.64,2026-10-04 23:48
TSPC,2640.00,11906041752000.00,8.05,1.22,0.82,12.43,5.68,7,0,72,2159.21,-2.84,2026-10-04 23:48
EPMT,2650.00,7177896000000.00,8.65,0.87,0.20,11.56,6.75,4,0,80,3048.42,1.35,2026-10-04 23:48
ARKO,2660.00,7789796700000.00,122.34,14.12,23.34,0.82,0.00,4,0,13,188.39,2.31,2026-10-04 23:48
SCCO,2680.00,2203854048000.00,6.56,0.38,0.29,15.24,3.73,4,0,81,6975.64,1.03,2026-10-04 23:48
TEBE,2690.00,3456650000000.00,27.63,3.33,7.07,3.62,5.80,6,0,94,807.04,-78.93,2026-10-04 23:48
CLAY,2770.00,7118900000000.00,269.96,249.27,40.67,0.37,0.00,8,0,66,11.11,-8.70,2026-10-04 23:48
NICK,2820.00,1836243000000.00,59.34,6.07,48.66,1.69,0.00,5,0,98,464.78,0.05,2026-10-04 23:48
PRDA,2820.00,2643750000000.00,12.31,1.13,1.12,8.12,5.77,6,0,79,2495.48,-0.52,2026-10-04 23:48
BREN,2830.00,378615002600000.00,146.10,30.41,35.15,0.68,0.14,6,0,3,93.06,11.68,2026-10-04 23:48
CTBN,2830.00,2265054175000.00,27.59,1.23,0.72,3.62,16.43,6,0,2,2297.31,-2.03,2026-10-04 23:48
MDKA,2850.00,69748003747350.00,74.90,4.42,1.70,1.34,0.43,8,0,80,644.33,-4.76,2026-10-04 23:48
INDR,2900.00,1897619950300.00,-37.61,0.28,0.14,-2.66,0.00,6,0,81,10351.29,0.00,2026-10-04 23:48
CPIN,2910.00,47718180000000.00,6.40,1.37,0.62,15.62,6.19,6,0,14,2128.14,0.12,2026-10-04 23:48
ROCK,2960.00,4248147896000.00,140.57,5.08,30.73,0.71,0.00,9,0,97,582.60,0.99,2026-10-04 23:48
SURE,3000.00,4492730313000.00,1848.97,-13.97,6.59,0.05,0.00,8,0,74,-214.74,26.04,2026-10-04 23:48
SMMT,3010.00,10309250000000.00,137.85,15.93,5.50,0.73,0.00,5,0,96,189.01,1.68,2026-10-04 23:48
BBRI,3080.00,466801724940320.00,7.62,1.45,2.19,13.12,11.23,5,0,48,2124.08,-1.39,2026-10-04 23:48
ANTM,3140.00,75456601236500.00,8.48,2.02,0.85,11.80,6.69,7,60,66,1550.93,0.09,2026-10-04 23:48
PTBA,3180.00,36635696415000.00,7.72,1.45,0.83,12.96,3.60,7,0,87,2189.63,-0.18,2026-10-04 23:48
AMFG,3200.00,1388800000000.00,12.30,0.29,0.26,8.13,2.50,7,0,52,11022.24,-0.18,2026-10-04 23:48
MASB,3270.00,4584575195010.00,21.52,1.11,2.28,4.65,0.70,4,0,51,2938.71,-4.84,2026-10-04 23:48
AGII,3290.00,10089311400000.00,99.92,2.66,3.22,1.00,0.35,8,16,94,1234.61,-2.25,2026-10-04 23:48
CBDK,3300.00,18707516850000.00,7.39,1.77,5.33,13.52,0.15,7,0,8,1863.86,0.23,2026-10-04 23:48
CITA,3350.00,13267210187500.00,9.67,1.64,4.15,10.34,10.48,5,0,36,2046.13,-2.66,2026-10-04 23:48
BLUE,3350.00,1400300000000.00,95.13,14.60,9.65,1.05,1.01,7,0,94,229.52,-8.26,2026-10-04 23:48
AUTO,3370.00,16242500210000.00,6.72,1.02,0.77,14.88,6.80,7,0,88,3317.76,0.80,2026-10-04 23:48
PNGO,3390.00,2648437500000.00,8.03,2.10,1.20,12.46,6.49,8,0,77,1617.32,0.17,2026-10-04 23:48
BBNI,3420.00,127556810172720.00,6.16,0.78,1.71,16.23,10.22,3,71,40,4393.44,-0.93,2026-10-04 23:48
JARR,3420.00,31568874471000.00,118.23,15.66,7.89,0.85,0.19,5,0,89,218.40,39.81,2026-10-04 23:48
HEXA,3520.00,2956800000000.00,12.72,1.02,0.35,7.86,6.80,7,0,21,3438.56,-0.27,2026-10-04 23:48
MCOL,3540.00,12586682400000.00,9.30,1.27,1.01,10.75,7.91,8,0,40,2784.73,-0.24,2026-10-04 23:48
MERK,3550.00,1590400000000.00,4.77,1.65,1.18,20.95,7.75,7,0,74,2152.43,0.08,2026-10-04 23:48
YULE,3560.00,6354600000000.00,90.52,10.16,63.18,1.10,0.28,4,0,79,350.31,0.43,2026-10-04 23:48
UANG,3570.00,4319700000000.00,61.51,13.30,13.64,1.63,0.00,5,0,78,268.44,-28.35,2026-10-04 23:48
BLTZ,3600.00,3146173711200.00,150.62,7.22,2.72,0.66,0.00,8,0,84,498.84,0.81,2026-10-04 23:48
BSWD,3600.00,13279920642000.00,190.55,3.72,30.63,0.52,0.00,5,0,98,966.92,-4.93,2026-10-04 23:48
MBSS,3630.00,6352596699570.00,17.12,1.55,8.26,5.84,0.00,3,0,94,2346.95,0.68,2026-10-04 23:48
SONA,3760.00,2490624000000.00,25.93,3.42,2.66,3.86,1.41,7,0,91,1098.06,0.20,2026-10-04 23:48
BMRI,4030.00,376133333327960.00,6.04,1.32,2.40,16.55,13.47,4,0,38,3049.22,6.57,2026-10-04 23:48
BINA,4060.00,24906949659900.00,-75.77,8.38,12.83,-1.32,0.00,4,0,47,484.32,0.00,2026-10-04 23:48
RATU,4080.00,11077419504000.00,29.67,10.92,13.21,3.37,1.10,4,0,9,373.49,4.64,2026-10-04 23:48
RLCO,4120.00,12875000000000.00,0.00,39.61,0.00,0.00,0.00,3,0,87,104.00,0.00,2026-10-04 23:48
BBSI,4150.00,15250101699150.00,79.80,4.28,4.92,1.25,0.00,6,0,44,970.24,5.15,2026-10-04 23:48
INCO,4170.00,43950901506780.00,16.82,0.87,2.36,5.95,1.87,8,0,32,4808.29,0.46,2026-10-04 23:48
AMMN,4240.00,307477242861440.00,20.39,2.98,4.91,4.91,0.00,8,0,36,1423.20,-0.34,2026-10-04 23:48
PANI,4300.00,78214859451400.00,30.91,2.68,13.98,3.24,0.12,6,0,2,1601.55,0.37,2026-10-04 23:48
SGRO,4300.00,7820074600000.00,29.67,1.53,1.27,3.37,4.49,6,0,55,2818.41,-0.57,2026-10-04 23:48
CMRY,4380.00,34753911540000.00,15.72,4.85,2.89,6.36,4.57,6,0,45,902.70,0.47,2026-10-04 23:48
MORA,4460.00,213072899602560.00,361.15,11.39,42.97,0.28,0.00,6,0,98,391.42,4.36,2026-10-04 23:48
BRAM,4540.00,2043258689200.00,17.10,0.53,0.83,5.85,4.41,7,0,53,8493.19,-0.14,2026-10-04 23:48
ALKA,4570.00,2320029301350.00,117.82,9.91,16.55,0.85,0.00,6,0,100,461.04,0.21,2026-10-04 23:48
TINS,4630.00,34483098492020.00,9.25,3.27,1.94,10.81,1.90,9,0,92,1416.16,1.80,2026-10-04 23:48
ASII,4630.00,187438851038200.00,6.29,0.81,0.59,15.89,8.42,4,0,25,5683.00,-1.88,2026-10-04 23:48
BDMN,4650.00,45447020845500.00,9.96,0.84,1.69,10.04,3.06,2,0,93,5557.80,0.71,2026-10-04 23:48
DUTI,4700.00,8695000000000.00,13.79,0.84,2.93,7.25,10.21,6,0,78,5562.36,-0.27,2026-10-04 23:48
EDGE,4790.00,9676997500000.00,159.38,5.35,10.09,0.63,0.00,5,0,70,894.58,-3.33,2026-10-04 23:48
TGKA,4840.00,4445504910000.00,10.48,1.96,0.32,9.54,6.51,6,0,50,2467.75,-11.77,2026-10-04 23:48
INTP,4880.00,16743638187120.00,7.14,0.76,0.92,14.00,9.59,5,0,35,6443.66,0.41,2026-10-04 23:48
ABDA,4910.00,3048160798800.00,26.81,1.69,3.03,3.73,0.00,6,0,91,2898.08,0.17,2026-10-04 23:48
PTRO,5125.00,51691006250000.00,79.69,10.63,2.82,1.25,0.32,8,0,48,482.31,0.38,2026-10-04 23:48
BSSR,5250.00,13736625000000.00,8.38,2.88,1.10,11.93,19.42,6,0,87,1822.07,-0.25,2026-10-04 23:48
FASW,5275.00,16992122356325.00,-30.53,2.92,2.01,-3.28,0.00,7,0,60,1808.77,-1.46,2026-10-04 23:48
PKPK,5850.00,7020000000000.00,73.14,21.55,6.51,1.37,0.00,8,0,99,271.47,0.15,2026-10-04 23:48
BBCA,6100.00,751977805000000.00,12.95,2.78,6.26,7.72,5.34,5,12,36,2193.77,2.63,2026-10-04 23:48
ICBP,6750.00,78717879000000.00,10.65,1.49,1.00,9.39,3.93,5,0,32,4524.65,0.35,2026-10-04 23:48
INDF,6825.00,59926410862500.00,6.26,0.78,0.46,15.97,4.25,5,0,65,8730.95,0.26,2026-10-04 23:48
MLBI,6850.00,14432950000000.00,11.22,13.06,3.81,8.92,8.19,7,0,81,524.32,3.09,2026-10-04 23:48
TKIM,7050.00,21948226168500.00,2.96,0.38,1.27,33.75,0.43,6,0,73,18445.44,-0.85,2026-10-04 23:48
FAPA,7375.00,26766912025000.00,20.53,6.44,3.17,4.87,0.95,9,0,76,1144.40,0.21,2026-10-04 23:48
EMAS,7700.00,113431518662000.00,-255.92,17.53,217.94,-0.39,0.00,4,0,87,439.27,-2.56,2026-10-04 23:48
INKP,8050.00,44041412675050.00,3.95,0.34,0.79,25.31,0.93,6,0,67,23530.11,0.36,2026-10-04 23:48
AALI,8250.00,15878678747250.00,8.50,0.66,0.54,11.77,6.88,9,0,81,12468.56,0.30,2026-10-04 23:48
ADMF,8300.00,10257165804700.00,5.54,0.66,0.81,18.04,7.59,3,0,54,12519.37,-0.18,2026-10-04 23:48
GEMS,8425.00,49558824025000.00,9.01,3.28,1.06,11.10,10.09,5,0,79,2566.91,-0.21,2026-10-04 23:48
IBST,8475.00,11448919256325.00,27.87,4.17,13.47,3.59,0.00,9,0,90,2030.12,0.23,2026-10-04 23:48
SMAR,8500.00,24413643611000.00,5.95,1.01,0.28,16.81,3.18,6,0,93,8397.63,0.06,2026-10-04 23:48
STTP,8925.00,11691750000000.00,9.45,1.48,2.14,10.58,0.00,5,0,36,6026.11,-0.93,2026-10-04 23:48
PGUN,9350.00,53648887046700.00,446.02,27.90,75.29,0.22,0.07,6,0,66,335.11,4.41,2026-10-04 23:48
LIFE,9450.00,19845000000000.00,70.95,2.42,7.00,1.41,1.02,4,0,87,3901.47,-1.72,2026-10-04 23:48
DNET,9875.00,140067000000000.00,125.79,8.97,79.24,0.79,0.05,3,89,72,1100.67,7.35,2026-10-04 23:48
AADI,11550.00,89938599828000.00,6.63,1.40,1.06,15.08,8.67,6,0,89,8247.65,-0.19,2026-10-04 23:48
BYAN,11750.00,391666686250000.00,28.06,8.82,6.56,3.56,3.93,5,0,32,1332.61,-2.08,2026-10-04 23:48
MPRO,12000.00,119310000000000.00,-2072.00,151.27,25671.67,-0.05,0.00,4,0,90,79.33,0.00,2026-10-04 23:48
SRAJ,13000.00,159106479870000.00,-420.78,146.07,58.87,-0.24,0.00,6,0,68,89.00,0.00,2026-10-04 23:48
RDTX,13025.00,3501120000000.00,8.39,1.01,5.83,11.92,4.51,7,0,47,12849.79,0.38,2026-10-04 23:48
POLU,14000.00,10500000000000.00,-675.29,85.92,63.32,-0.15,0.00,4,0,43,162.94,0.00,2026-10-04 23:48
MGLV,14850.00,28287518653350.00,0.00,249.76,0.00,0.00,0.00,2,0,100,59.46,0.00,2026-10-04 23:48
UNIC,14975.00,5740387160925.00,6.07,1.03,0.82,16.47,11.10,7,0,90,14532.20,0.07,2026-10-04 23:48
SINI,15850.00,19059625000000.00,30.73,-152.16,25.87,3.25,0.00,5,0,99,-104.17,-0.78,2026-10-04 23:48
GGRM,16900.00,32517087200000.00,7.36,0.51,0.38,13.58,4.73,8,0,82,33264.91,0.13,2026-10-04 23:48
SMMA,20050.00,127671677575850.00,41.97,4.78,3.67,2.38,0.00,4,0,84,4195.86,0.37,2026-10-04 23:48
MKPI,21600.00,20480990400000.00,16.56,2.75,7.50,6.04,4.40,8,0,45,7863.50,1.27,2026-10-04 23:48
ITMG,25200.00,28474110000000.00,8.21,0.84,0.86,12.18,6.87,4,0,74,30104.77,-0.17,2026-10-04 23:48
UNTR,26000.00,96983513536000.00,12.70,1.00,0.80,7.87,5.87,4,0,52,25890.10,-0.53,2026-10-04 23:48
SCPI,29000.00,104400000000.00,0.31,0.07,0.03,317.87,0.00,7,0,60,417728.94,0.01,2026-10-04 23:48
ADES,35600.00,21000326080000.00,21.98,5.95,5.89,4.55,0.00,6,0,95,5985.67,0.54,2026-10-04 23:48
SUPR,43850.00,49882869757300.00,42.60,5.87,26.01,2.35,0.00,6,0,60,7476.50,1.19,2026-10-04 23:48
DCII,200900.00,478894551310000.00,428.76,101.07,160.52,0.23,0.00,4,0,46,1987.67,16.67,2026-10-04 23:48
